Full_TRT,Pop,trt,egg,tad,loc,ind,DateColl,JulDateCol,Date_Hatch,Jul_hatch,Date_AccStart,JulDate_AccStart,Age_Start,outcome,Date_death,Jul_Death,Date_metamorph,Jul_metamorph,time,Cause,MM_total,MM_tail,MM_weight,Final_date,Jul_Final,Final_SVL,Final_weight,observer,,
0-0-WHF-1,WHF,zerozero,0,0,inland,1,23-May,42878.00,5/29/17,42884.00,2-Jun,42888.00,10.00,m,,,14-Jul,42930.00,42930,,57.03,39.02,0.922,17-Jul,42933.00,19.31,0.545,,,
0-0-WHF-2,WHF,zerozero,0,0,inland,2,23-May,42878.00,5/29/17,42884.00,2-Jun,42888.00,10.00,m,,,17-Jul,42933.00,42933,,52.42,36.4,0.817,21-Jul,42937.00,18.41,0.481,,,
0-0-WHF-3,WHF,zerozero,0,0,inland,3,23-May,42878.00,5/29/17,42884.00,2-Jun,42888.00,10.00,m,,,18-Jul,42934.00,42934,,56.07,38.97,1.02,21-Jul,42937.00,20.64,0.572,,,
0-0-WHF-4,WHF,zerozero,0,0,inland,4,23-May,42878.00,5/29/17,42884.00,2-Jun,42888.00,10.00,a,12-Jul,42928,,,42928,a,,,,,,,,,,
0-0-WHF-5,WHF,zerozero,0,0,inland,5,23-May,42878.00,5/29/17,42884.00,2-Jun,42888.00,10.00,m,,,19-Jul,42935.00,42935,,55.17,34.88,0.936,22-Jul,42938.00,20.6,0.604,,,
0-0-WHF-6,WHF,zerozero,0,0,inland,6,23-May,42878.00,5/29/17,42884.00,2-Jun,42888.00,10.00,m,,,16-Jul,42932.00,42932,,54.77,37.74,0.871,19-Jul,42935.00,18.8,0.537,,,
0-0-WHF-7,WHF,zerozero,0,0,inland,7,23-May,42878.00,5/29/17,42884.00,2-Jun,42888.00,10.00,m,,,17-Jul,42933.00,42933,,58.24,37.93,0.917,21-Jul,42937.00,19.87,0.551,,,
0-0-WHF-8,WHF,zerozero,0,0,inland,8,23-May,42878.00,5/29/17,42884.00,2-Jun,42888.00,10.00,md,20-Jul,42936,16-Jul,42932.00,42932,u,57.55,40.44,1.044,,,,,,,
0-0-WHF-9,WHF,zerozero,0,0,inland,9,23-May,42878.00,5/29/17,42884.00,2-Jun,42888.00,10.00,m,,,16-Jul,42932.00,42932,,53.99,36.06,0.89,19-Jul,42935.00,19.79,0.588,,,
0-0-WHF-10,WHF,zerozero,0,0,inland,10,23-May,42878.00,5/29/17,42884.00,2-Jun,42888.00,10.00,a,12-Jul,42928,,,42928,a,,,,,,,,,,
0-4-WHF-1,WHF,zerofour,0,4,inland,1,23-May,42878.00,5/29/17,42884.00,2-Jun,42888.00,10.00,m,,,16-Jul,42932.00,42932,,50.13,33.44,0.687,19-Jul,42935.00,18.02,0.398,,,
0-4-WHF-2,WHF,zerofour,0,4,inland,2,23-May,42878.00,5/29/17,42884.00,2-Jun,42888.00,10.00,m,,,17-Jul,42933.00,42933,,51.99,33.18,0.689,20-Jul,42936.00,17.13,0.421,,,
0-4-WHF-3,WHF,zerofour,0,4,inland,3,23-May,42878.00,5/29/17,42884.00,2-Jun,42888.00,10.00,d,12-Jun,42898,,,42898,n,,,,,,,,,,
0-4-WHF-4,WHF,zerofour,0,4,inland,4,23-May,42878.00,5/29/17,42884.00,2-Jun,42888.00,10.00,d,19-Jun,42905,,,42905,n,,,,,,,,,,
0-4-WHF-5,WHF,zerofour,0,4,inland,5,23-May,42878.00,5/29/17,42884.00,2-Jun,42888.00,10.00,d,25-Jun,42911,,,42911,n,,,,,,,,,,
0-4-WHF-6,WHF,zerofour,0,4,inland,6,23-May,42878.00,5/29/17,42884.00,2-Jun,42888.00,10.00,m,,,20-Jul,42936.00,42936,,49.32,30.62,0.75,23-Jul,42939.00,17.77,0.459,,,
0-4-WHF-7,WHF,zerofour,0,4,inland,7,23-May,42878.00,5/29/17,42884.00,2-Jun,42888.00,10.00,a,12-Jul,42928,,,42928,a,,,,,,,,,,
0-4-WHF-8,WHF,zerofour,0,4,inland,8,23-May,42878.00,5/29/17,42884.00,2-Jun,42888.00,10.00,a,12-Jul,42928,,,42928,a,,,,,,,,,,
0-4-WHF-9,WHF,zerofour,0,4,inland,9,23-May,42878.00,5/29/17,42884.00,2-Jun,42888.00,10.00,m,,,14-Jul,42930.00,42930,,51.85,35.48,0.67,17-Jul,42933.00,16,0.345,,,
0-4-WHF-10,WHF,zerofour,0,4,inland,10,23-May,42878.00,5/29/17,42884.00,2-Jun,42888.00,10.00,d,14-Jun,42900,,,42900,n,,,,,,,,,,
0-6-WHF-1,WHF,zerosix,0,6,inland,1,23-May,42878.00,5/29/17,42884.00,2-Jun,42888.00,10.00,d,4-Jul,42920,,,42920,,,,,,,,,,,
0-6-WHF-2,WHF,zerosix,0,6,inland,2,23-May,42878.00,5/29/17,42884.00,2-Jun,42888.00,10.00,m,,,17-Jul,42933.00,42933,,54.38,32.68,0.794,20-Jul,42936.00,19.25,0.483,,,
0-6-WHF-3,WHF,zerosix,0,6,inland,3,23-May,42878.00,5/29/17,42884.00,2-Jun,42888.00,10.00,m,,,31-Jul,42947.00,42947,,51.64,34.99,0.94,3-Aug,42950.00,18.18,0.531,,,
0-6-WHF-4,WHF,zerosix,0,6,inland,4,23-May,42878.00,5/29/17,42884.00,2-Jun,42888.00,10.00,d,28-Jun,42914,,,42914,n,,,,,,,,,,
0-6-WHF-5,WHF,zerosix,0,6,inland,5,23-May,42878.00,5/29/17,42884.00,2-Jun,42888.00,10.00,d,25-Jun,42911,,,42911,n,,,,,,,,,,
0-8-WHF-1,WHF,zeroeight,0,8,inland,1,23-May,42878.00,5/29/17,42884.00,2-Jun,42888.00,10.00,d,22-Jun,42908,,,42908,n,,,,,,,,,,
0-8-WHF-2,WHF,zeroeight,0,8,inland,2,23-May,42878.00,5/29/17,42884.00,2-Jun,42888.00,10.00,d,20-Jun,42906,,,42906,n,,,,,,,,,,
0-8-WHF-3,WHF,zeroeight,0,8,inland,3,23-May,42878.00,5/29/17,42884.00,2-Jun,42888.00,10.00,d,20-Jun,42906,,,42906,n,,,,,,,,,,
0-8-WHF-4,WHF,zeroeight,0,8,inland,4,23-May,42878.00,5/29/17,42884.00,2-Jun,42888.00,10.00,d,16-Jun,42902,,,42902,n,,,,,,,,,,
0-8-WHF-5,WHF,zeroeight,0,8,inland,5,23-May,42878.00,5/29/17,42884.00,2-Jun,42888.00,10.00,d,17-Jun,42903,,,42903,n,,,,,,,,,,
4-0-WHF-1,WHF,fourzero,4,0,inland,1,23-May,42878.00,5/29/17,42884.00,2-Jun,42888.00,10.00,m,,,18-Jul,42934.00,42934,,50.89,31.86,0.8,21-Jul,42937.00,19.64,0.51,,,
4-0-WHF-2,WHF,fourzero,4,0,inland,2,23-May,42878.00,5/29/17,42884.00,2-Jun,42888.00,10.00,m,,,19-Jul,42935.00,42935,,51,36.29,0.802,22-Jul,42938.00,18.41,0.486,,,
4-0-WHF-3,WHF,fourzero,4,0,inland,3,23-May,42878.00,5/29/17,42884.00,2-Jun,42888.00,10.00,m,,,13-Jul,42929.00,42929,,47.21,30.22,0.74,16-Jul,42932.00,17.42,0.473,,,
4-0-WHF-4,WHF,fourzero,4,0,inland,4,23-May,42878.00,5/29/17,42884.00,2-Jun,42888.00,10.00,m,,,17-Jul,42933.00,42933,,49.58,27.95,0.691,20-Jul,42936.00,18.5,0.498,,,
4-0-WHF-5,WHF,fourzero,4,0,inland,5,23-May,42878.00,5/29/17,42884.00,2-Jun,42888.00,10.00,m,,,14-Jul,42930.00,42930,,50.96,32.58,0.786,17-Jul,42933.00,19.77,0.492,,,
4-0-WHF-6,WHF,fourzero,4,0,inland,6,23-May,42878.00,5/29/17,42884.00,2-Jun,42888.00,10.00,m,,,19-Jul,42935.00,42935,,52.61,35.27,0.759,22-Jul,42938.00,18.74,0.489,,,
4-0-WHF-7,WHF,fourzero,4,0,inland,7,23-May,42878.00,5/29/17,42884.00,2-Jun,42888.00,10.00,a,12-Jul,42928,,,42928,,,,,,,,,,,
4-0-WHF-8,WHF,fourzero,4,0,inland,8,23-May,42878.00,5/29/17,42884.00,2-Jun,42888.00,10.00,m,,,16-Jul,42932.00,42932,,49.94,36.79,0.711,21-Jul,42937.00,17.43,0.404,,,
4-0-WHF-9,WHF,fourzero,4,0,inland,9,23-May,42878.00,5/29/17,42884.00,2-Jun,42888.00,10.00,m,,,15-Jul,42931.00,42931,,49.08,32.76,0.75,18-Jul,42934.00,19.27,0.471,,,
4-0-WHF-10,WHF,fourzero,4,0,inland,10,23-May,42878.00,5/29/17,42884.00,2-Jun,42888.00,10.00,a,12-Jul,42928,,,42928,a,,,,,,,,,,
4-4-WHF-1,WHF,fourfour,4,4,inland,1,23-May,42878.00,5/29/17,42884.00,2-Jun,42888.00,10.00,a,12-Jul,42928,,,42928,a,,,,,,,,,,
4-4-WHF-2,WHF,fourfour,4,4,inland,2,23-May,42878.00,5/29/17,42884.00,2-Jun,42888.00,10.00,m,,,16-Jul,42932.00,42932,,48.2,30.75,0.637,19-Jul,42935.00,17.1,0.407,,16666666667,
4-4-WHF-3,WHF,fourfour,4,4,inland,3,23-May,42878.00,5/29/17,42884.00,2-Jun,42888.00,10.00,m,,,15-Jul,42931.00,42931,,49.04,34.39,0.713,17-Jul,42933.00,17,0.411,,,
4-4-WHF-4,WHF,fourfour,4,4,inland,4,23-May,42878.00,5/29/17,42884.00,2-Jun,42888.00,10.00,d,17-Jun,42903,,,42903,n,,,,,,,,,,
4-4-WHF-5,WHF,fourfour,4,4,inland,5,23-May,42878.00,5/29/17,42884.00,2-Jun,42888.00,10.00,m,,,13-Jul,42929.00,42929,,40.89,27.41,0.531,15-Jul,42931.00,15.97,0.339,,,
4-4-WHF-6,WHF,fourfour,4,4,inland,6,23-May,42878.00,5/29/17,42884.00,2-Jun,42888.00,10.00,m,,,15-Jul,42931.00,42931,,48.72,33.17,0.67,17-Jul,42933.00,18.19,0.421,,,
4-4-WHF-7,WHF,fourfour,4,4,inland,7,23-May,42878.00,5/29/17,42884.00,2-Jun,42888.00,10.00,m,,,19-Jul,42935.00,42935,,49.61,33.14,0.641,21-Jul,42937.00,18.76,0.405,,,
4-4-WHF-8,WHF,fourfour,4,4,inland,8,23-May,42878.00,5/29/17,42884.00,2-Jun,42888.00,10.00,m,,,16-Jul,42932.00,42932,,49.97,32.84,0.616,18-Jul,42934.00,17.51,0.42,,,
4-4-WHF-9,WHF,fourfour,4,4,inland,9,23-May,42878.00,5/29/17,42884.00,2-Jun,42888.00,10.00,m,,,12-Jul,42928.00,42928,,45.16,33.79,0.637,15-Jul,42931.00,17.79,0.443,,,
4-4-WHF-10,WHF,fourfour,4,4,inland,10,23-May,42878.00,5/29/17,42884.00,2-Jun,42888.00,10.00,a,12-Jul,42928,,,42928,,,,,,,,,,,
4-6-WHF-1,WHF,foursix,4,6,inland,1,23-May,42878.00,5/29/17,42884.00,2-Jun,42888.00,10.00,m,,,16-Jul,42932.00,42932,,49.78,34.45,0.833,20-Jul,42936.00,17.98,0.447,,,
4-6-WHF-2,WHF,foursix,4,6,inland,2,23-May,42878.00,5/29/17,42884.00,2-Jun,42888.00,10.00,m,,,23-Jul,42939.00,42939,,50.07,32.18,1.002,26-Jul,42942.00,18.62,0.489,,,
4-6-WHF-3,WHF,foursix,4,6,inland,3,23-May,42878.00,5/29/17,42884.00,2-Jun,42888.00,10.00,m,,,26-Jul,42942.00,42942,,50.89,31.38,0.732,28-Jul,42944.00,18.64,0.495,,,
4-6-WHF-4,WHF,foursix,4,6,inland,4,23-May,42878.00,5/29/17,42884.00,2-Jun,42888.00,10.00,m,,,20-Jul,42936.00,42936,,53.26,34,0.839,23-Jul,42939.00,19.09,0.46,,,
4-6-WHF-5,WHF,foursix,4,6,inland,5,23-May,42878.00,5/29/17,42884.00,2-Jun,42888.00,10.00,d,3-Jul,42919,,,42919,n,,,,,,,,,,
4-8-WHF-1,WHF,foureight,4,8,inland,1,23-May,42878.00,5/29/17,42884.00,2-Jun,42888.00,10.00,d,24-Jun,42910,,,42910,n,,,,,,,,,,
4-8-WHF-2,WHF,foureight,4,8,inland,2,23-May,42878.00,5/29/17,42884.00,2-Jun,42888.00,10.00,d,17-Jun,42903,,,42903,n,,,,,,,,,,
4-8-WHF-3,WHF,foureight,4,8,inland,3,23-May,42878.00,5/29/17,42884.00,2-Jun,42888.00,10.00,d,24-Jun,42910,,,42910,n,,,,,,,,,,
4-8-WHF-4,WHF,foureight,4,8,inland,4,23-May,42878.00,5/29/17,42884.00,2-Jun,42888.00,10.00,d,17-Jun,42903,,,42903,n,,,,,,,,,Unsure - maybe wrote label down wrong,
4-8-WHF-5,WHF,foureight,4,8,inland,5,23-May,42878.00,5/29/17,42884.00,2-Jun,42888.00,10.00,d,11-Jun,42897,,,42897,n,,,,,,,,,,
0-0-PWL-1,PWL,zerozero,0,0,inland,1,6-Jun,42892.00,6/12/17,42898.00,21-Jun,42907.00,15.00,m,,,27-Jul,42943.00,42943,,53.1,37.69,0.756,30-Jul,42946.00,17.54,0.411,,,
0-0-PWL-2,PWL,zerozero,0,0,inland,2,6-Jun,42892.00,6/12/17,42898.00,21-Jun,42907.00,15.00,d,7-Jul,42923,,,42923,n,,,,,,,,,,
0-0-PWL-3,PWL,zerozero,0,0,inland,3,6-Jun,42892.00,6/12/17,42898.00,21-Jun,42907.00,15.00,m,,,25-Jul,42941.00,42941,,51.73,35.95,0.65,28-Jul,42944.00,17.89,0.374,,,
0-0-PWL-4,PWL,zerozero,0,0,inland,4,6-Jun,42892.00,6/12/17,42898.00,21-Jun,42907.00,15.00,m,,,24-Jul,42940.00,42940,,53.27,37.53,0.735,27-Jul,42943.00,19.48,0.413,,,
0-0-PWL-5,PWL,zerozero,0,0,inland,5,6-Jun,42892.00,6/12/17,42898.00,21-Jun,42907.00,15.00,m,,,27-Jul,42943.00,42943,,57.01,40.17,0.804,30-Jul,42946.00,18.96,0.412,,,
0-0-PWL-6,PWL,zerozero,0,0,inland,6,6-Jun,42892.00,6/12/17,42898.00,21-Jun,42907.00,15.00,d,2-Jul,42918,,,42918,h20 not changed,,,,,,,,,,
0-0-PWL-7,PWL,zerozero,0,0,inland,7,6-Jun,42892.00,6/12/17,42898.00,21-Jun,42907.00,15.00,m,,,30-Jul,42946.00,42946,,50.71,35.61,0.685,3-Aug,42950.00,17.53,0.35,,,
0-0-PWL-8,PWL,zerozero,0,0,inland,8,6-Jun,42892.00,6/12/17,42898.00,21-Jun,42907.00,15.00,m,,,25-Jul,42941.00,42941,,55.98,40.38,0.796,28-Jul,42944.00,18.64,0.461,,,
0-0-PWL-9,PWL,zerozero,0,0,inland,9,6-Jun,42892.00,6/12/17,42898.00,21-Jun,42907.00,15.00,d,2-Jul,42918,,,42918,h20 not changed,,,,,,,,,,
0-0-PWL-10,PWL,zerozero,0,0,inland,10,6-Jun,42892.00,6/12/17,42898.00,21-Jun,42907.00,15.00,m,,,25-Jul,42941.00,42941,,47.68,31.79,0.614,28-Jul,42944.00,17.58,0.365,,,
0-0-PWL-11,PWL,zerozero,0,0,inland,11,6-Jun,42892.00,6/12/17,42898.00,21-Jun,42907.00,15.00,a,20-Jul,42936,,,42936,a,,,,,,,,,,
0-0-PWL-12,PWL,zerozero,0,0,inland,12,6-Jun,42892.00,6/12/17,42898.00,21-Jun,42907.00,15.00,d,2-Jul,42918,,,42918,h20 not changed,,,,,,,,,,
0-0-PWL-13,PWL,zerozero,0,0,inland,13,6-Jun,42892.00,6/12/17,42898.00,21-Jun,42907.00,15.00,d,2-Jul,42918,,,42918,h20 not changed,,,,,,,,,,
0-0-PWL-14,PWL,zerozero,0,0,inland,14,6-Jun,42892.00,6/12/17,42898.00,21-Jun,42907.00,15.00,a,20-Jul,42936,,,42936,a,,,,,,,,,,
0-0-PWL-15,PWL,zerozero,0,0,inland,15,6-Jun,42892.00,6/12/17,42898.00,21-Jun,42907.00,15.00,d,2-Jul,42918,,,42918,h20 not changed,,,,,,,,,,
0-4-PWL-1,PWL,zerofour,0,4,inland,1,6-Jun,42892.00,6/12/17,42898.00,21-Jun,42907.00,15.00,m,,,23-Jul,42939.00,42939,,50.31,34.62,0.656,26-Jul,42942.00,18.71,0.389,,,
0-4-PWL-2,PWL,zerofour,0,4,inland,2,6-Jun,42892.00,6/12/17,42898.00,21-Jun,42907.00,15.00,m,,,27-Jul,42943.00,42943,,50.23,32.8,0.672,30-Jul,42946.00,17.59,0.379,,,
0-4-PWL-3,PWL,zerofour,0,4,inland,3,6-Jun,42892.00,6/12/17,42898.00,21-Jun,42907.00,15.00,m,,,25-Jul,42941.00,42941,,49.28,34.26,0.666,28-Jul,42944.00,16.17,0.38,,,
0-4-PWL-4,PWL,zerofour,0,4,inland,4,6-Jun,42892.00,6/12/17,42898.00,21-Jun,42907.00,15.00,m,,,24-Jul,42940.00,42940,,50.77,36.42,0.79,27-Jul,42943.00,18.26,0.423,,,
0-4-PWL-5,PWL,zerofour,0,4,inland,5,6-Jun,42892.00,6/12/17,42898.00,21-Jun,42907.00,15.00,m,,,25-Jul,42941.00,42941,,53.34,37.64,0.808,28-Jul,42944.00,19.3,0.448,,,
0-4-PWL-6,PWL,zerofour,0,4,inland,6,6-Jun,42892.00,6/12/17,42898.00,21-Jun,42907.00,15.00,m,,,25-Jul,42941.00,42941,,48.36,32.07,0.629,28-Jul,42944.00,17.73,0.378,,,
0-4-PWL-7,PWL,zerofour,0,4,inland,7,6-Jun,42892.00,6/12/17,42898.00,21-Jun,42907.00,15.00,m,,,22-Jul,42938.00,42938,,52.27,33.84,0.689,25-Jul,42941.00,17.07,0.38,,,
0-4-PWL-8,PWL,zerofour,0,4,inland,8,6-Jun,42892.00,6/12/17,42898.00,21-Jun,42907.00,15.00,m,,,27-Jul,42943.00,42943,,54.23,34.87,0.838,30-Jul,42946.00,20.7,0.531,,,
0-4-PWL-9,PWL,zerofour,0,4,inland,9,6-Jun,42892.00,6/12/17,42898.00,21-Jun,42907.00,15.00,m,,,23-Jul,42939.00,42939,,48.14,33.78,0.572,25-Jul,42941.00,17.33,0.377,,,
0-4-PWL-10,PWL,zerofour,0,4,inland,10,6-Jun,42892.00,6/12/17,42898.00,21-Jun,42907.00,15.00,m,,,25-Jul,42941.00,42941,,52.76,37.29,0.716,28-Jul,42944.00,17.99,0.405,,,
0-4-PWL-11,PWL,zerofour,0,4,inland,11,6-Jun,42892.00,6/12/17,42898.00,21-Jun,42907.00,15.00,d,7-Jul,42923,,,42923,n,,,,,,,,,,
0-4-PWL-12,PWL,zerofour,0,4,inland,12,6-Jun,42892.00,6/12/17,42898.00,21-Jun,42907.00,15.00,m,,,25-Jul,42941.00,42941,,50.42,35.5,0.729,29-Jul,42945.00,18.38,0.402,,,
0-4-PWL-13,PWL,zerofour,0,4,inland,13,6-Jun,42892.00,6/12/17,42898.00,21-Jun,42907.00,15.00,a,20-Jul,42936,,,42936,a,,,,,,,,,,
0-4-PWL-14,PWL,zerofour,0,4,inland,14,6-Jun,42892.00,6/12/17,42898.00,21-Jun,42907.00,15.00,a,20-Jul,42936,,,42936,a,,,,,,,,,,
0-4-PWL-15,PWL,zerofour,0,4,inland,15,6-Jun,42892.00,6/12/17,42898.00,21-Jun,42907.00,15.00,a,20-Jul,42936,,,42936,a,,,,,,,,,,
0-6-PWL-1,PWL,zerosix,0,6,inland,1,6-Jun,42892.00,6/12/17,42898.00,21-Jun,42907.00,15.00,d,3-Jul,42919,,,42919,n,,,,,,,,,,
0-6-PWL-2,PWL,zerosix,0,6,inland,2,6-Jun,42892.00,6/12/17,42898.00,21-Jun,42907.00,15.00,d,3-Jul,42919,,,42919,n,,,,,,,,,,
0-6-PWL-3,PWL,zerosix,0,6,inland,3,6-Jun,42892.00,6/12/17,42898.00,21-Jun,42907.00,15.00,d,3-Jul,42919,,,42919,n,,,,,,,,,,
0-6-PWL-4,PWL,zerosix,0,6,inland,4,6-Jun,42892.00,6/12/17,42898.00,21-Jun,42907.00,15.00,d,3-Jul,42919,,,42919,,,,,,,,,,"guessing, got within a week, but apparently didn't record. Picked middle of week",
0-6-PWL-5,PWL,zerosix,0,6,inland,5,6-Jun,42892.00,6/12/17,42898.00,21-Jun,42907.00,15.00,d,30-Jun,42916,,,42916,n,,,,,,,,,,
0-8-PWL-1,PWL,zeroeight,0,8,inland,1,6-Jun,42892.00,6/12/17,42898.00,21-Jun,42907.00,15.00,d,3-Jul,42919,,,42919,n,,,,,,,,,,
0-8-PWL-2,PWL,zeroeight,0,8,inland,2,6-Jun,42892.00,6/12/17,42898.00,21-Jun,42907.00,15.00,d,3-Jul,42919,,,42919,n,,,,,,,,,,
0-8-PWL-3,PWL,zeroeight,0,8,inland,3,6-Jun,42892.00,6/12/17,42898.00,21-Jun,42907.00,15.00,d,2-Jul,42918,,,42918,h20 not changed,,,,,,,,,,
0-8-PWL-4,PWL,zeroeight,0,8,inland,4,6-Jun,42892.00,6/12/17,42898.00,21-Jun,42907.00,15.00,d,2-Jul,42918,,,42918,h20 not changed,,,,,,,,,,
0-8-PWL-5,PWL,zeroeight,0,8,inland,5,6-Jun,42892.00,6/12/17,42898.00,21-Jun,42907.00,15.00,d,2-Jul,42918,,,42918,h20 not changed,,,,,,,,,,
4-0-PWL-1,PWL,fourzero,4,0,inland,1,6-Jun,42892.00,6/12/17,42898.00,21-Jun,42907.00,15.00,d,3-Jul,42919,,,42919,n,,,,,,,,,,
4-0-PWL-2,PWL,fourzero,4,0,inland,2,6-Jun,42892.00,6/12/17,42898.00,21-Jun,42907.00,15.00,m,,,22-Jul,42938.00,42938,,52.75,37.5,0.794,25-Jul,42941.00,16.14,0.405,,,
4-0-PWL-3,PWL,fourzero,4,0,inland,3,6-Jun,42892.00,6/12/17,42898.00,21-Jun,42907.00,15.00,m,,,26-Jul,42942.00,42942,,49.63,32.21,0.73,29-Jul,42945.00,18.63,0.386,,,
4-0-PWL-4,PWL,fourzero,4,0,inland,4,6-Jun,42892.00,6/12/17,42898.00,21-Jun,42907.00,15.00,m,,,23-Jul,42939.00,42939,,50.04,30.75,0.631,25-Jul,42941.00,17.43,0.404,,,
4-0-PWL-5,PWL,fourzero,4,0,inland,5,6-Jun,42892.00,6/12/17,42898.00,21-Jun,42907.00,15.00,m,,,26-Jul,42942.00,42942,,51.73,31.48,0.766,29-Jul,42945.00,18.16,0.441,,,
4-0-PWL-6,PWL,fourzero,4,0,inland,6,6-Jun,42892.00,6/12/17,42898.00,21-Jun,42907.00,15.00,d,24-Jul,42940,,,42940,euth,,,,,,,,,,
4-0-PWL-7,PWL,fourzero,4,0,inland,7,6-Jun,42892.00,6/12/17,42898.00,21-Jun,42907.00,15.00,m,,,21-Jul,42937.00,42937,,48.9,32.96,0.648,24-Jul,42940.00,17.12,0.39,,,
4-0-PWL-8,PWL,fourzero,4,0,inland,8,6-Jun,42892.00,6/12/17,42898.00,21-Jun,42907.00,15.00,m,,,25-Jul,42941.00,42941,,47.03,31.01,0.625,27-Jul,42943.00,17.32,0.396,,,
4-0-PWL-9,PWL,fourzero,4,0,inland,9,6-Jun,42892.00,6/12/17,42898.00,21-Jun,42907.00,15.00,m,,,24-Jul,42940.00,42940,,50.6,34.54,0.683,27-Jul,42943.00,17.69,0.395,,,
4-0-PWL-10,PWL,fourzero,4,0,inland,10,6-Jun,42892.00,6/12/17,42898.00,21-Jun,42907.00,15.00,m,,,23-Jul,42939.00,42939,,49.04,33.32,0.622,26-Jul,42942.00,17.6,0.345,,,
4-0-PWL-11,PWL,fourzero,4,0,inland,11,6-Jun,42892.00,6/12/17,42898.00,21-Jun,42907.00,15.00,a,20-Jul,42936,,,42936,a,,,,,,,,,,
4-0-PWL-12,PWL,fourzero,4,0,inland,12,6-Jun,42892.00,6/12/17,42898.00,21-Jun,42907.00,15.00,m,,,23-Jul,42939.00,42939,,47.82,32.09,0.593,26-Jul,42942.00,16.51,0.356,,,
4-0-PWL-13,PWL,fourzero,4,0,inland,13,6-Jun,42892.00,6/12/17,42898.00,21-Jun,42907.00,15.00,a,20-Jul,42936,,,42936,a,,,,,,,,,,
4-0-PWL-14,PWL,fourzero,4,0,inland,14,6-Jun,42892.00,6/12/17,42898.00,21-Jun,42907.00,15.00,a,20-Jul,42936,,,42936,a,,,,,,,,,,
4-0-PWL-15,PWL,fourzero,4,0,inland,15,6-Jun,42892.00,6/12/17,42898.00,21-Jun,42907.00,15.00,m,,,24-Jul,42940.00,42940,,51.94,33.96,0.826,27-Jul,42943.00,18.2,0.424,,,
4-4-PWL-1,PWL,fourfour,4,4,inland,1,6-Jun,42892.00,6/12/17,42898.00,21-Jun,42907.00,15.00,md,,,23-Jul,42939.00,42939,euth,48.31,32.26,0.653,,,,,,,
4-4-PWL-2,PWL,fourfour,4,4,inland,2,6-Jun,42892.00,6/12/17,42898.00,21-Jun,42907.00,15.00,m,,,24-Jul,42940.00,42940,,46.9,30.66,0.707,27-Jul,42943.00,18.11,0.355,,,
4-4-PWL-3,PWL,fourfour,4,4,inland,3,6-Jun,42892.00,6/12/17,42898.00,21-Jun,42907.00,15.00,m,,,26-Jul,42942.00,42942,,48.07,31.45,0.61,29-Jul,42945.00,16.17,0.331,,,
4-4-PWL-4,PWL,fourfour,4,4,inland,4,6-Jun,42892.00,6/12/17,42898.00,21-Jun,42907.00,15.00,m,,,24-Jul,42940.00,42940,,49.09,33.78,0.682,27-Jul,42943.00,17.53,0.374,,,
4-4-PWL-5,PWL,fourfour,4,4,inland,5,6-Jun,42892.00,6/12/17,42898.00,21-Jun,42907.00,15.00,m,,,24-Jul,42940.00,42940,,49.79,34.49,0.673,27-Jul,42943.00,16.96,0.355,,,
4-4-PWL-6,PWL,fourfour,4,4,inland,6,6-Jun,42892.00,6/12/17,42898.00,21-Jun,42907.00,15.00,m,,,23-Jul,42939.00,42939,,45.52,28.26,0.58,25-Jul,42941.00,18.2,0.379,,,
4-4-PWL-7,PWL,fourfour,4,4,inland,7,6-Jun,42892.00,6/12/17,42898.00,21-Jun,42907.00,15.00,m,,,24-Jul,42940.00,42940,,47.05,34.56,0.578,26-Jul,42942.00,16.47,0.338,,,
4-4-PWL-8,PWL,fourfour,4,4,inland,8,6-Jun,42892.00,6/12/17,42898.00,21-Jun,42907.00,15.00,m,,,23-Jul,42939.00,42939,,49.04,35,0.591,26-Jul,42942.00,16.44,0.343,,,
4-4-PWL-9,PWL,fourfour,4,4,inland,9,6-Jun,42892.00,6/12/17,42898.00,21-Jun,42907.00,15.00,m,,,24-Jul,42940.00,42940,,44.92,28.82,0.57,27-Jul,42943.00,15.85,0.346,,,
4-4-PWL-10,PWL,fourfour,4,4,inland,10,6-Jun,42892.00,6/12/17,42898.00,21-Jun,42907.00,15.00,d,26-Jun,42912,,,42912,accident,,,,,,,,,,
4-4-PWL-11,PWL,fourfour,4,4,inland,11,6-Jun,42892.00,6/12/17,42898.00,21-Jun,42907.00,15.00,m,,,25-Jul,42941.00,42941,,48.36,32.45,0.6,29-Jul,42945.00,16.24,0.312,,,
4-4-PWL-12,PWL,fourfour,4,4,inland,12,6-Jun,42892.00,6/12/17,42898.00,21-Jun,42907.00,15.00,m,,,24-Jul,42940.00,42940,,50.07,34.78,0.725,27-Jul,42943.00,16.89,0.369,,,
4-4-PWL-13,PWL,fourfour,4,4,inland,13,6-Jun,42892.00,6/12/17,42898.00,21-Jun,42907.00,15.00,a,20-Jul,42936,,,42936,a,,,,,,,,,,
4-4-PWL-14,PWL,fourfour,4,4,inland,14,6-Jun,42892.00,6/12/17,42898.00,21-Jun,42907.00,15.00,a,20-Jul,42936,,,42936,a,,,,,,,,,,
4-4-PWL-15,PWL,fourfour,4,4,inland,15,6-Jun,42892.00,6/12/17,42898.00,21-Jun,42907.00,15.00,a,20-Jul,42936,,,42936,a,,,,,,,,,,
4-6-PWL-1,PWL,foursix,4,6,inland,1,6-Jun,42892.00,6/12/17,42898.00,21-Jun,42907.00,15.00,m,,,23-Jul,42939.00,42939,,46.55,32.13,0.622,25-Jul,42941.00,17.16,0.366,,,
4-6-PWL-2,PWL,foursix,4,6,inland,2,6-Jun,42892.00,6/12/17,42898.00,21-Jun,42907.00,15.00,m,,,26-Jul,42942.00,42942,,46.37,32.93,0.601,28-Jul,42944.00,16.69,0.363,,,
4-6-PWL-3,PWL,foursix,4,6,inland,3,6-Jun,42892.00,6/12/17,42898.00,21-Jun,42907.00,15.00,d,28-Jun,42914,,,42914,n,,,,,,,,,,
4-6-PWL-4,PWL,foursix,4,6,inland,4,6-Jun,42892.00,6/12/17,42898.00,21-Jun,42907.00,15.00,m,,,25-Jul,42941.00,42941,,46.18,30.9,0.59,28-Jul,42944.00,17.07,0.338,,,
4-6-PWL-5,PWL,foursix,4,6,inland,5,6-Jun,42892.00,6/12/17,42898.00,21-Jun,42907.00,15.00,m,,,26-Jul,42942.00,42942,,46.8,31.98,0.605,29-Jul,42945.00,15.98,0.36,,,
4-8-PWL-1,PWL,foureight,4,8,inland,1,6-Jun,42892.00,6/12/17,42898.00,21-Jun,42907.00,15.00,d,2-Jul,42918,,,42918,h20 not changed,,,,,,,,,,
4-8-PWL-2,PWL,foureight,4,8,inland,2,6-Jun,42892.00,6/12/17,42898.00,21-Jun,42907.00,15.00,d,3-Jul,42919,,,42919,n,,,,,,,,,,
4-8-PWL-3,PWL,foureight,4,8,inland,3,6-Jun,42892.00,6/12/17,42898.00,21-Jun,42907.00,15.00,d,2-Jul,42918,,,42918,h20 not changed,,,,,,,,,,
4-8-PWL-4,PWL,foureight,4,8,inland,4,6-Jun,42892.00,6/12/17,42898.00,21-Jun,42907.00,15.00,d,2-Jul,42918,,,42918,h20 not changed,,,,,,,,,,
4-8-PWL-5,PWL,foureight,4,8,inland,5,6-Jun,42892.00,6/12/17,42898.00,21-Jun,42907.00,15.00,d,7-Jul,42923,,,42923,n,,,,,,,,,,
0-0-LO-1,LOW,zerozero,0,0,inland,1,17-Jul,42933.00,7/20/17,42936.00,1-Aug,42948.00,15.00,d,3-Aug,42950,,,42950,dechlor,,,,,,,,,,
0-0-LO-2,LOW,zerozero,0,0,inland,2,17-Jul,42933.00,7/20/17,42936.00,1-Aug,42948.00,15.00,d,3-Aug,42950,,,42950,dechlor,,,,,,,,,,
0-0-LO-3,LOW,zerozero,0,0,inland,3,17-Jul,42933.00,7/20/17,42936.00,1-Aug,42948.00,15.00,d,3-Aug,42950,,,42950,dechlor,,,,,,,,,,
0-0-LO-4,LOW,zerozero,0,0,inland,4,17-Jul,42933.00,7/20/17,42936.00,1-Aug,42948.00,15.00,d,12-Aug,42959,,,42959,u,,,,,,,,,,
0-0-LO-5,LOW,zerozero,0,0,inland,5,17-Jul,42933.00,7/20/17,42936.00,1-Aug,42948.00,15.00,m,,,2-Sep,42980.00,42980,,53.78,35.08,1.007,7-Sep,42985.00,18.28,0.595,,,
0-0-LO-6,LOW,zerozero,0,0,inland,6,17-Jul,42933.00,7/20/17,42936.00,1-Aug,42948.00,15.00,m,,,2-Sep,42980.00,42980,,55.49,39.85,0.916,5-Sep,42983.00,18.97,0.557,,,
0-0-LO-7,LOW,zerozero,0,0,inland,7,17-Jul,42933.00,7/20/17,42936.00,1-Aug,42948.00,15.00,m,,,8-Sep,42986.00,42986,,57.05,41.84,1.315,12-Sep,42990.00,19.6,0.753,,,
0-0-LO-8,LOW,zerozero,0,0,inland,8,17-Jul,42933.00,7/20/17,42936.00,1-Aug,42948.00,15.00,m,,,1-Sep,42979.00,42979,,56.65,39.27,1.102,5-Sep,42983.00,20.64,0.675,,,
0-0-LO-9,LOW,zerozero,0,0,inland,9,17-Jul,42933.00,7/20/17,42936.00,1-Aug,42948.00,15.00,m,,,2-Sep,42980.00,42980,,57.15,36.72,1.044,5-Sep,42983.00,19.99,0.62,,,
0-0-LO-10,LOW,zerozero,0,0,inland,10,17-Jul,42933.00,7/20/17,42936.00,1-Aug,42948.00,15.00,m,,,2-Sep,42980.00,42980,,56.67,37.37,1.04,5-Sep,42983.00,19.97,0.647,,,
0-0-LO-11,LOW,zerozero,0,0,inland,11,17-Jul,42933.00,7/20/17,42936.00,1-Aug,42948.00,15.00,d,3-Aug,42950,,,42950,dechlor,,,,,,,,,,
0-0-LO-12,LOW,zerozero,0,0,inland,12,17-Jul,42933.00,7/20/17,42936.00,1-Aug,42948.00,15.00,d,3-Aug,42950,,,42950,dechlor,,,,,,,,,,
0-0-LO-13,LOW,zerozero,0,0,inland,13,17-Jul,42933.00,7/20/17,42936.00,1-Aug,42948.00,15.00,a,,,,,,,,,,,,,,,,
0-0-LO-14,LOW,zerozero,0,0,inland,14,17-Jul,42933.00,7/20/17,42936.00,1-Aug,42948.00,15.00,a,,,,,,,,,,,,,,,,
0-0-LO-15,LOW,zerozero,0,0,inland,15,17-Jul,42933.00,7/20/17,42936.00,1-Aug,42948.00,15.00,d,10-Aug,42957,,,42957,fung,,,,,,,,,,
0-4-LO-1,LOW,zerofour,0,4,inland,1,17-Jul,42933.00,7/20/17,42936.00,1-Aug,42948.00,15.00,md,7-Sep,42985,5-Sep,42983.00,42985,,53.04,38.54,0.835,,,,,,euthanized due to deformities,
0-4-LO-2,LOW,zerofour,0,4,inland,2,17-Jul,42933.00,7/20/17,42936.00,1-Aug,42948.00,15.00,d,10-Aug,42957,,,42957,fung,,,,,,,,,,
0-4-LO-3,LOW,zerofour,0,4,inland,3,17-Jul,42933.00,7/20/17,42936.00,1-Aug,42948.00,15.00,m,,,9-Sep,42987.00,42987,,60.28,40.66,0.996,13-Sep,42991.00,19.36,0.609,,,
0-4-LO-4,LOW,zerofour,0,4,inland,4,17-Jul,42933.00,7/20/17,42936.00,1-Aug,42948.00,15.00,m,,,4-Sep,42982.00,42982,,59.88,40.62,0.933,7-Sep,42985.00,19.4,0.59,,,
0-4-LO-5,LOW,zerofour,0,4,inland,5,17-Jul,42933.00,7/20/17,42936.00,1-Aug,42948.00,15.00,m,,,5-Sep,42983.00,42983,,57.15,42.38,0.892,11-Sep,42989.00,17.5,0.521,,wonky legs,
0-4-LO-6,LOW,zerofour,0,4,inland,6,17-Jul,42933.00,7/20/17,42936.00,1-Aug,42948.00,15.00,d,3-Aug,42950,,,42950,dechlor,,,,,,,,,,
0-4-LO-7,LOW,zerofour,0,4,inland,7,17-Jul,42933.00,7/20/17,42936.00,1-Aug,42948.00,15.00,m,,,3-Sep,42981.00,42981,fung,61.1,43.11,1.294,8-Sep,42986.00,19.84,0.722,,,
0-4-LO-8,LOW,zerofour,0,4,inland,8,17-Jul,42933.00,7/20/17,42936.00,1-Aug,42948.00,15.00,d,4-Aug,42951,,,42951,dechlor,,,,,,,,,,
0-4-LO-9,LOW,zerofour,0,4,inland,9,17-Jul,42933.00,7/20/17,42936.00,1-Aug,42948.00,15.00,m,,,8-Sep,42986.00,42986,,59.78,44.45,0.992,12-Sep,42990.00,18.38,0.565,,club leg,
0-4-LO-10,LOW,zerofour,0,4,inland,10,17-Jul,42933.00,7/20/17,42936.00,1-Aug,42948.00,15.00,m,,,9-Sep,42987.00,42987,,58.12,38.98,0.94,13-Sep,42991.00,18.37,0.543,,,
0-4-LO-11,LOW,zerofour,0,4,inland,11,17-Jul,42933.00,7/20/17,42936.00,1-Aug,42948.00,15.00,d,4-Aug,42951,,,42951,dechlor,,,,,,,,,,
0-4-LO-12,LOW,zerofour,0,4,inland,12,17-Jul,42933.00,7/20/17,42936.00,1-Aug,42948.00,15.00,a,,,,,,,,,,,,,,,,
0-4-LO-13,LOW,zerofour,0,4,inland,13,17-Jul,42933.00,7/20/17,42936.00,1-Aug,42948.00,15.00,d,3-Aug,42950,,,42950,dechlor,,,,,,,,,,
0-4-LO-14,LOW,zerofour,0,4,inland,14,17-Jul,42933.00,7/20/17,42936.00,1-Aug,42948.00,15.00,d,10-Aug,42957,,,42957,fung,,,,,,,,,,
0-4-LO-15,LOW,zerofour,0,4,inland,15,17-Jul,42933.00,7/20/17,42936.00,1-Aug,42948.00,15.00,a,,,,,,,,,,,,,,,,
0-6-LO-1,LOW,zerosix,0,6,inland,1,17-Jul,42933.00,7/20/17,42936.00,1-Aug,42948.00,15.00,d,4-Aug,42951,,,42951,n,,,,,,,,,,
0-6-LO-2,LOW,zerosix,0,6,inland,2,17-Jul,42933.00,7/20/17,42936.00,1-Aug,42948.00,15.00,d,10-Aug,42957,,,42957,fung,,,,,,,,,,
0-6-LO-3,LOW,zerosix,0,6,inland,3,17-Jul,42933.00,7/20/17,42936.00,1-Aug,42948.00,15.00,d,5-Aug,42952,,,42952,u,,,,,,,,,,
0-6-LO-4,LOW,zerosix,0,6,inland,4,17-Jul,42933.00,7/20/17,42936.00,1-Aug,42948.00,15.00,d,10-Aug,42957,,,42957,fung,,,,,,,,,,
0-6-LO-5,LOW,zerosix,0,6,inland,5,17-Jul,42933.00,7/20/17,42936.00,1-Aug,42948.00,15.00,d,10-Aug,42957,,,42957,fung,,,,,,,,,,
0-8-LO-1,LOW,zeroeight,0,8,inland,1,17-Jul,42933.00,7/20/17,42936.00,1-Aug,42948.00,15.00,d,5-Aug,42952,,,42952,u,,,,,,,,,,
0-8-LO-2,LOW,zeroeight,0,8,inland,2,17-Jul,42933.00,7/20/17,42936.00,1-Aug,42948.00,15.00,d,9-Aug,42956,,,42956,u,,,,,,,,,,
0-8-LO-3,LOW,zeroeight,0,8,inland,3,17-Jul,42933.00,7/20/17,42936.00,1-Aug,42948.00,15.00,d,17-Aug,42964,,,42964,n,,,,,,,,,,
0-8-LO-4,LOW,zeroeight,0,8,inland,4,17-Jul,42933.00,7/20/17,42936.00,1-Aug,42948.00,15.00,d,17-Aug,42964,,,42964,n,,,,,,,,,,
0-8-LO-5,LOW,zeroeight,0,8,inland,5,17-Jul,42933.00,7/20/17,42936.00,1-Aug,42948.00,15.00,d,14-Aug,42961,,,42961,,,,,,,,,,,
4-0-LO-1,LOW,fourzero,4,0,inland,1,17-Jul,42933.00,7/20/17,42936.00,1-Aug,42948.00,15.00,m,,,30-Aug,42977.00,42977,,52.65,33.93,0.862,4-Sep,42982.00,18.39,0.499,,wonky legs,
4-0-LO-2,LOW,fourzero,4,0,inland,2,17-Jul,42933.00,7/20/17,42936.00,1-Aug,42948.00,15.00,d,11-Aug,42958,,,42958,u,,,,,,,,,,
4-0-LO-3,LOW,fourzero,4,0,inland,3,17-Jul,42933.00,7/20/17,42936.00,1-Aug,42948.00,15.00,m,,,29-Aug,42976.00,42976,,56.12,39.45,0.914,2-Sep,42980.00,19.52,0.562,,,
4-0-LO-4,LOW,fourzero,4,0,inland,4,17-Jul,42933.00,7/20/17,42936.00,1-Aug,42948.00,15.00,m,,,1-Sep,42979.00,42979,,53.46,35.7,0.88,4-Sep,42982.00,19.88,0.552,,,
4-0-LO-5,LOW,fourzero,4,0,inland,5,17-Jul,42933.00,7/20/17,42936.00,1-Aug,42948.00,15.00,md,31-Aug,42978,,,42978,n,,,,,,,,,appeared to metamorphose but then drown - deformed legs,
4-0-LO-6,LOW,fourzero,4,0,inland,6,17-Jul,42933.00,7/20/17,42936.00,1-Aug,42948.00,15.00,m,,,30-Aug,42977.00,42977,,50.12,35.65,0.774,3-Sep,42981.00,17.11,0.474,,,
4-0-LO-7,LOW,fourzero,4,0,inland,7,17-Jul,42933.00,7/20/17,42936.00,1-Aug,42948.00,15.00,d,10-Aug,42957,,,42957,fung,,,,,,,,,,
4-0-LO-8,LOW,fourzero,4,0,inland,8,17-Jul,42933.00,7/20/17,42936.00,1-Aug,42948.00,15.00,m,,,3-Sep,42981.00,42981,,53.5,33.32,1.061,7-Sep,42985.00,19.84,0.615,,,
4-0-LO-9,LOW,fourzero,4,0,inland,9,17-Jul,42933.00,7/20/17,42936.00,1-Aug,42948.00,15.00,m,,,3-Sep,42981.00,42981,,55.26,36.98,1.01,7-Sep,42985.00,18.98,0.589,,,
4-0-LO-10,LOW,fourzero,4,0,inland,10,17-Jul,42933.00,7/20/17,42936.00,1-Aug,42948.00,15.00,m,,,4-Sep,42982.00,42982,,57.82,41.42,1.064,7-Sep,42985.00,21.1,0.646,,wonky leg,
4-0-LO-11,LOW,fourzero,4,0,inland,11,17-Jul,42933.00,7/20/17,42936.00,1-Aug,42948.00,15.00,md,2-Sep,42980,29-Aug,42976.00,42976,,51.32,33.48,0.722,,,,,,wonky leg,
4-0-LO-12,LOW,fourzero,4,0,inland,12,17-Jul,42933.00,7/20/17,42936.00,1-Aug,42948.00,15.00,a,,,,,,,,,,,,,,,,
4-0-LO-13,LOW,fourzero,4,0,inland,13,17-Jul,42933.00,7/20/17,42936.00,1-Aug,42948.00,15.00,a,,,,,,,,,,,,,,,,
4-0-LO-14,LOW,fourzero,4,0,inland,14,17-Jul,42933.00,7/20/17,42936.00,1-Aug,42948.00,15.00,d,10-Aug,42957,,,42957,fung,,,,,,,,,,
4-0-LO-15,LOW,fourzero,4,0,inland,15,17-Jul,42933.00,7/20/17,42936.00,1-Aug,42948.00,15.00,m,,,30-Aug,42977.00,42977,,50.93,35.83,0.78,2-Sep,42980.00,17.26,0.521,,wonky legs,
4-4-LO-1,LOW,fourfour,4,4,inland,1,17-Jul,42933.00,7/20/17,42936.00,1-Aug,42948.00,15.00,d,3-Aug,42950,,,42950,dechlor,,,,,,,,,,
4-4-LO-2,LOW,fourfour,4,4,inland,2,17-Jul,42933.00,7/20/17,42936.00,1-Aug,42948.00,15.00,m,,,5-Sep,42983.00,42983,,55.24,35.58,0.924,8-Sep,42986.00,18.24,0.612,,,
4-4-LO-3,LOW,fourfour,4,4,inland,3,17-Jul,42933.00,7/20/17,42936.00,1-Aug,42948.00,15.00,d,2-Aug,42949,,,42949,accident,,,,,,,,,,
4-4-LO-4,LOW,fourfour,4,4,inland,4,17-Jul,42933.00,7/20/17,42936.00,1-Aug,42948.00,15.00,m,,,28-Aug,42975.00,42975,,54.92,32.58,0.857,2-Sep,42980.00,16.61,0.382,,wonky legs,
4-4-LO-5,LOW,fourfour,4,4,inland,5,17-Jul,42933.00,7/20/17,42936.00,1-Aug,42948.00,15.00,d,3-Aug,42950,,,42950,dechlor,,,,,,,,,,
4-4-LO-6,LOW,fourfour,4,4,inland,6,17-Jul,42933.00,7/20/17,42936.00,1-Aug,42948.00,15.00,md,4-Sep,42982,31-Aug,42978.00,42978,,53.92,38.21,0.909,,,,,,wonky legs,
4-4-LO-7,LOW,fourfour,4,4,inland,7,17-Jul,42933.00,7/20/17,42936.00,1-Aug,42948.00,15.00,m,,,30-Aug,42977.00,42977,,51.88,34.59,0.804,2-Sep,42980.00,18.43,0.51,,wonky legs,
4-4-LO-8,LOW,fourfour,4,4,inland,8,17-Jul,42933.00,7/20/17,42936.00,1-Aug,42948.00,15.00,d,3-Aug,42950,,,42950,dechlor,,,,,,,,,,
4-4-LO-9,LOW,fourfour,4,4,inland,9,17-Jul,42933.00,7/20/17,42936.00,1-Aug,42948.00,15.00,md,1-Sep,42979,30-Aug,42977.00,42977,n,47.26,30.93,0.713,,,,,,wonky legs,
4-4-LO-10,LOW,fourfour,4,4,inland,10,17-Jul,42933.00,7/20/17,42936.00,1-Aug,42948.00,15.00,md,4-Sep,42982,31-Aug,42978.00,42978,,53.79,40.33,0.806,,,,,,euthanized due to deformities,
4-4-LO-11,LOW,fourfour,4,4,inland,11,17-Jul,42933.00,7/20/17,42936.00,1-Aug,42948.00,15.00,a,,,,,,,,,,,,,,,,
4-4-LO-12,LOW,fourfour,4,4,inland,12,17-Jul,42933.00,7/20/17,42936.00,1-Aug,42948.00,15.00,m,,,5-Sep,42983.00,42983,,53.86,33.3,1.023,11-Sep,42989.00,16.82,0.494,,wonky legs,
4-4-LO-13,LOW,fourfour,4,4,inland,13,17-Jul,42933.00,7/20/17,42936.00,1-Aug,42948.00,15.00,m,,,26-Aug,42973.00,42973,,51.89,34.54,0.733,29-Aug,42976.00,19.23,0.476,,,
4-4-LO-14,LOW,fourfour,4,4,inland,14,17-Jul,42933.00,7/20/17,42936.00,1-Aug,42948.00,15.00,a,,,,,,,,,,,,,,,,
4-4-LO-15,LOW,fourfour,4,4,inland,15,17-Jul,42933.00,7/20/17,42936.00,1-Aug,42948.00,15.00,md,5-Sep,42983,30-Aug,42977.00,42977,,48.79,30.86,0.72,,,,,,wonky legs,
4-6-LO-1,LOW,foursix,4,6,inland,1,17-Jul,42933.00,7/20/17,42936.00,1-Aug,42948.00,15.00,d,10-Aug,42957,,,42957,fung,,,,,,,,,,
4-6-LO-2,LOW,foursix,4,6,inland,2,17-Jul,42933.00,7/20/17,42936.00,1-Aug,42948.00,15.00,d,3-Aug,42950,,,42950,n,,,,,,,,,,
4-6-LO-3,LOW,foursix,4,6,inland,3,17-Jul,42933.00,7/20/17,42936.00,1-Aug,42948.00,15.00,md,18-Sep,42996,16-Sep,42994.00,42994,,54.29,37.63,0.97,,,,,,wonky legs,
4-6-LO-4,LOW,foursix,4,6,inland,4,17-Jul,42933.00,7/20/17,42936.00,1-Aug,42948.00,15.00,d,10-Aug,42957,,,42957,fung,,,,,,,,,,
4-6-LO-5,LOW,foursix,4,6,inland,5,17-Jul,42933.00,7/20/17,42936.00,1-Aug,42948.00,15.00,md,13-Sep,42991,11-Sep,42989.00,42989,,51.11,33.56,0.991,,,,,,wonky legs,
4-8-LO-1,LOW,foureight,4,8,inland,1,17-Jul,42933.00,7/20/17,42936.00,1-Aug,42948.00,15.00,d,10-Aug,42957,,,42957,fung,,,,,,,,,,
4-8-LO-2,LOW,foureight,4,8,inland,2,17-Jul,42933.00,7/20/17,42936.00,1-Aug,42948.00,15.00,d,4-Aug,42951,,,42951,n,,,,,,,,,,
4-8-LO-3,LOW,foureight,4,8,inland,3,17-Jul,42933.00,7/20/17,42936.00,1-Aug,42948.00,15.00,d,10-Aug,42957,,,42957,fung,,,,,,,,,,
4-8-LO-4,LOW,foureight,4,8,inland,4,17-Jul,42933.00,7/20/17,42936.00,1-Aug,42948.00,15.00,d,18-Aug,42965,,,42965,n,,,,,,,,,,
4-8-LO-5,LOW,foureight,4,8,inland,5,17-Jul,42933.00,7/20/17,42936.00,1-Aug,42948.00,15.00,d,12-Aug,42959,,,42959,u,,,,,,,,,,
0-0-BL-1,BELL,zerozero,0,0,inland,1,17-Jul,42933.00,7/20/17,42936.00,1-Aug,42948.00,15.00,m,,,31-Aug,42978.00,42978,,59.56,41.82,1.193,4-Sep,42982.00,20.62,0.703,,,
0-0-BL-2,BELL,zerozero,0,0,inland,2,17-Jul,42933.00,7/20/17,42936.00,1-Aug,42948.00,15.00,m,,,29-Aug,42976.00,42976,,53.1,36.14,0.934,2-Sep,42980.00,17.89,0.492,,,
0-0-BL-3,BELL,zerozero,0,0,inland,3,17-Jul,42933.00,7/20/17,42936.00,1-Aug,42948.00,15.00,m,,,1-Sep,42979.00,42979,,52.98,35.46,0.922,5-Sep,42983.00,19.2,0.547,,,
0-0-BL-4,BELL,zerozero,0,0,inland,4,17-Jul,42933.00,7/20/17,42936.00,1-Aug,42948.00,15.00,m,,,28-Aug,42975.00,42975,,54.72,37.63,0.968,1-Sep,42979.00,19.73,0.582,,,
0-0-BL-5,BELL,zerozero,0,0,inland,5,17-Jul,42933.00,7/20/17,42936.00,1-Aug,42948.00,15.00,m,,,27-Aug,42974.00,42974,,46.03,27.26,0.706,1-Sep,42979.00,18.75,0.376,,,
0-0-BL-6,BELL,zerozero,0,0,inland,6,17-Jul,42933.00,7/20/17,42936.00,1-Aug,42948.00,15.00,m,,,31-Aug,42978.00,42978,,53.41,36.32,0.899,3-Sep,42981.00,17.51,0.582,,,
0-0-BL-7,BELL,zerozero,0,0,inland,7,17-Jul,42933.00,7/20/17,42936.00,1-Aug,42948.00,15.00,m,,,31-Aug,42978.00,42978,,55.31,36.83,0.977,4-Sep,42982.00,18.95,0.55,,,
0-0-BL-8,BELL,zerozero,0,0,inland,8,17-Jul,42933.00,7/20/17,42936.00,1-Aug,42948.00,15.00,m,,,31-Aug,42978.00,42978,,57.74,38.22,1.022,4-Sep,42982.00,19.47,0.608,,,
0-0-BL-9,BELL,zerozero,0,0,inland,9,17-Jul,42933.00,7/20/17,42936.00,1-Aug,42948.00,15.00,m,,,29-Aug,42976.00,42976,,58.34,40.57,0.977,2-Sep,42980.00,19.89,0.57,,,
0-0-BL-10,BELL,zerozero,0,0,inland,10,17-Jul,42933.00,7/20/17,42936.00,1-Aug,42948.00,15.00,m,,,31-Aug,42978.00,42978,,50.85,33.64,0.919,3-Sep,42981.00,19.29,0.577,,,
0-0-BL-11,BELL,zerozero,0,0,inland,11,17-Jul,42933.00,7/20/17,42936.00,1-Aug,42948.00,15.00,a,,,,,,,,,,,,,,,,
0-0-BL-12,BELL,zerozero,0,0,inland,12,17-Jul,42933.00,7/20/17,42936.00,1-Aug,42948.00,15.00,a,,,,,,,,,,,,,,,,
0-0-BL-13,BELL,zerozero,0,0,inland,13,17-Jul,42933.00,7/20/17,42936.00,1-Aug,42948.00,15.00,m,,,2-Sep,42980.00,42980,,53.89,36.21,0.985,5-Sep,42983.00,18.97,0.601,,,
0-0-BL-14,BELL,zerozero,0,0,inland,14,17-Jul,42933.00,7/20/17,42936.00,1-Aug,42948.00,15.00,a,,,,,,,,,,,,,,,,
0-0-BL-15,BELL,zerozero,0,0,inland,15,17-Jul,42933.00,7/20/17,42936.00,1-Aug,42948.00,15.00,d,22-Aug,42969,,,42969,n,,,,,,,,,,
0-4-BL-1,BELL,zerofour,0,4,inland,1,17-Jul,42933.00,7/20/17,42936.00,1-Aug,42948.00,15.00,m,,,31-Aug,42978.00,42978,,57.09,41.68,0.948,3-Sep,42981.00,17.53,0.55,,,
0-4-BL-2,BELL,zerofour,0,4,inland,2,17-Jul,42933.00,7/20/17,42936.00,1-Aug,42948.00,15.00,m,,,2-Sep,42980.00,42980,,52.98,36.38,0.951,5-Sep,42983.00,19.42,0.51,,,
0-4-BL-3,BELL,zerofour,0,4,inland,3,17-Jul,42933.00,7/20/17,42936.00,1-Aug,42948.00,15.00,m,,,2-Sep,42980.00,42980,,50.96,34.32,0.733,5-Sep,42983.00,16.93,0.415,,,
0-4-BL-4,BELL,zerofour,0,4,inland,4,17-Jul,42933.00,7/20/17,42936.00,1-Aug,42948.00,15.00,d,11-Aug,42958,,,42958,sal,,,,,,,,,,
0-4-BL-5,BELL,zerofour,0,4,inland,5,17-Jul,42933.00,7/20/17,42936.00,1-Aug,42948.00,15.00,m,,,28-Aug,42975.00,42975,,48.98,33.9,0.66,30-Aug,42977.00,17.49,0.45,,paired with mismatched date.. May not be right,
0-4-BL-6,BELL,zerofour,0,4,inland,6,17-Jul,42933.00,7/20/17,42936.00,1-Aug,42948.00,15.00,md,29-Aug,42976,27-Aug,42974.00,42974,,31.99,14.74,0.633,,,,,,not doing well,exclude this guy from analyses
0-4-BL-7,BELL,zerofour,0,4,inland,7,17-Jul,42933.00,7/20/17,42936.00,1-Aug,42948.00,15.00,m,,,1-Sep,42979.00,42979,,51.13,32.46,0.757,5-Sep,42983.00,17.1,0.413,,,
0-4-BL-8,BELL,zerofour,0,4,inland,8,17-Jul,42933.00,7/20/17,42936.00,1-Aug,42948.00,15.00,m,,,31-Aug,42978.00,42978,,47.87,30.41,0.757,3-Sep,42981.00,17.73,0.476,,,
0-4-BL-9,BELL,zerofour,0,4,inland,9,17-Jul,42933.00,7/20/17,42936.00,1-Aug,42948.00,15.00,m,,,1-Sep,42979.00,42979,,51.83,35.12,0.899,4-Sep,42982.00,17.72,0.57,,,
0-4-BL-10,BELL,zerofour,0,4,inland,10,17-Jul,42933.00,7/20/17,42936.00,1-Aug,42948.00,15.00,m,,,31-Aug,42978.00,42978,,53.49,34.36,0.86,3-Sep,42981.00,18.49,0.506,,,
0-4-BL-11,BELL,zerofour,0,4,inland,11,17-Jul,42933.00,7/20/17,42936.00,1-Aug,42948.00,15.00,a,,,,,,,,,,,,,,,,
0-4-BL-12,BELL,zerofour,0,4,inland,12,17-Jul,42933.00,7/20/17,42936.00,1-Aug,42948.00,15.00,m,,,3-Sep,42981.00,42981,,50.71,31.58,0.941,7-Sep,42985.00,17.68,0.548,,,
0-4-BL-13,BELL,zerofour,0,4,inland,13,17-Jul,42933.00,7/20/17,42936.00,1-Aug,42948.00,15.00,m,,,31-Aug,42978.00,42978,,50.41,33.91,0.834,3-Sep,42981.00,17.88,0.489,,,
0-4-BL-14,BELL,zerofour,0,4,inland,14,17-Jul,42933.00,7/20/17,42936.00,1-Aug,42948.00,15.00,a,,,,,,,,,,,,,,,,
0-4-BL-15,BELL,zerofour,0,4,inland,15,17-Jul,42933.00,7/20/17,42936.00,1-Aug,42948.00,15.00,a,,,,,,,,,,,,,,,,
0-6-BL-1,BELL,zerosix,0,6,inland,1,17-Jul,42933.00,7/20/17,42936.00,1-Aug,42948.00,15.00,d,5-Sep,42983,,,42983,,,,,,,,,,euthanized due to extreme deformation,
0-6-BL-2,BELL,zerosix,0,6,inland,2,17-Jul,42933.00,7/20/17,42936.00,1-Aug,42948.00,15.00,d,7-Sep,42985,,,42985,,,,,,,,,,euthanized due to extreme deformation,
0-6-BL-3,BELL,zerosix,0,6,inland,3,17-Jul,42933.00,7/20/17,42936.00,1-Aug,42948.00,15.00,d,2-Aug,42949,,,42949,n,,,,,,,,,,
0-6-BL-4,BELL,zerosix,0,6,inland,4,17-Jul,42933.00,7/20/17,42936.00,1-Aug,42948.00,15.00,d,8-Sep,42986,,,42986,,,,,,,,,,euthanized due to extreme deformities,
0-6-BL-5,BELL,zerosix,0,6,inland,5,17-Jul,42933.00,7/20/17,42936.00,1-Aug,42948.00,15.00,d,11-Aug,42958,,,42958,sal,,,,,,,,,,
0-8-BL-1,BELL,zeroeight,0,8,inland,1,17-Jul,42933.00,7/20/17,42936.00,1-Aug,42948.00,15.00,d,5-Aug,42952,,,42952,n,,,,,,,,,,
0-8-BL-2,BELL,zeroeight,0,8,inland,2,17-Jul,42933.00,7/20/17,42936.00,1-Aug,42948.00,15.00,d,3-Aug,42950,,,42950,n,,,,,,,,,,
0-8-BL-3,BELL,zeroeight,0,8,inland,3,17-Jul,42933.00,7/20/17,42936.00,1-Aug,42948.00,15.00,d,2-Aug,42949,,,42949,n,,,,,,,,,,
0-8-BL-4,BELL,zeroeight,0,8,inland,4,17-Jul,42933.00,7/20/17,42936.00,1-Aug,42948.00,15.00,d,2-Aug,42949,,,42949,n,,,,,,,,,,
0-8-BL-5,BELL,zeroeight,0,8,inland,5,17-Jul,42933.00,7/20/17,42936.00,1-Aug,42948.00,15.00,d,12-Aug,42959,,,42959,u,,,,,,,,,,
4-0-BL-1,BELL,fourzero,4,0,inland,1,17-Jul,42933.00,7/20/17,42936.00,1-Aug,42948.00,15.00,m,,,27-Aug,42974.00,42974,,46.48,29.53,0.727,30-Aug,42977.00,18.44,0.462,,,
4-0-BL-2,BELL,fourzero,4,0,inland,2,17-Jul,42933.00,7/20/17,42936.00,1-Aug,42948.00,15.00,m,,,27-Aug,42974.00,42974,,49.51,33.93,0.848,31-Aug,42978.00,18.76,0.505,,,
4-0-BL-3,BELL,fourzero,4,0,inland,3,17-Jul,42933.00,7/20/17,42936.00,1-Aug,42948.00,15.00,m,,,25-Aug,42972.00,42972,,51.64,34.4,0.94,28-Aug,42975.00,18.52,0.56,,,
4-0-BL-4,BELL,fourzero,4,0,inland,4,17-Jul,42933.00,7/20/17,42936.00,1-Aug,42948.00,15.00,m,,,30-Aug,42977.00,42977,,50.57,31.63,0.903,3-Sep,42981.00,19.25,0.558,,,
4-0-BL-5,BELL,fourzero,4,0,inland,5,17-Jul,42933.00,7/20/17,42936.00,1-Aug,42948.00,15.00,m,,,29-Aug,42976.00,42976,,52.79,35.99,0.95,1-Sep,42979.00,19.72,0.581,,,
4-0-BL-6,BELL,fourzero,4,0,inland,6,17-Jul,42933.00,7/20/17,42936.00,1-Aug,42948.00,15.00,m,,,28-Aug,42975.00,42975,,52.22,35.91,0.948,1-Sep,42979.00,18.95,0.565,,,
4-0-BL-7,BELL,fourzero,4,0,inland,7,17-Jul,42933.00,7/20/17,42936.00,1-Aug,42948.00,15.00,m,,,28-Aug,42975.00,42975,,51.73,36.21,0.963,1-Sep,42979.00,17.57,0.555,,,
4-0-BL-8,BELL,fourzero,4,0,inland,8,17-Jul,42933.00,7/20/17,42936.00,1-Aug,42948.00,15.00,m,,,27-Aug,42974.00,42974,,49.12,33.85,0.842,31-Aug,42978.00,18.57,0.527,,,
4-0-BL-9,BELL,fourzero,4,0,inland,9,17-Jul,42933.00,7/20/17,42936.00,1-Aug,42948.00,15.00,m,,,26-Aug,42973.00,42973,,51.68,36.22,0.81,29-Aug,42976.00,18.59,0.536,,,
4-0-BL-10,BELL,fourzero,4,0,inland,10,17-Jul,42933.00,7/20/17,42936.00,1-Aug,42948.00,15.00,m,,,28-Aug,42975.00,42975,,52.12,35.86,0.815,31-Aug,42978.00,19.76,0.554,,,
4-0-BL-11,BELL,fourzero,4,0,inland,11,17-Jul,42933.00,7/20/17,42936.00,1-Aug,42948.00,15.00,a,,,,,,,,,,,,,,,,
4-0-BL-12,BELL,fourzero,4,0,inland,12,17-Jul,42933.00,7/20/17,42936.00,1-Aug,42948.00,15.00,a,,,,,,,,,,,,,,,,
4-0-BL-13,BELL,fourzero,4,0,inland,13,17-Jul,42933.00,7/20/17,42936.00,1-Aug,42948.00,15.00,a,,,,,,,,,,,,,,,,
4-0-BL-14,BELL,fourzero,4,0,inland,14,17-Jul,42933.00,7/20/17,42936.00,1-Aug,42948.00,15.00,m,,,30-Aug,42977.00,42977,,51.12,32.74,0.864,2-Sep,42980.00,19.5,0.551,,,
4-0-BL-15,BELL,fourzero,4,0,inland,15,17-Jul,42933.00,7/20/17,42936.00,1-Aug,42948.00,15.00,m,,,29-Aug,42976.00,42976,,50.27,32.95,0.901,2-Sep,42980.00,18.1,0.538,,,
4-4-BL-1,BELL,fourfour,4,4,inland,1,17-Jul,42933.00,7/20/17,42936.00,1-Aug,42948.00,15.00,d,1-Sep,42979,,,42979,e,,,,,,,,,euthanied - was deformed and certain to drown,
4-4-BL-2,BELL,fourfour,4,4,inland,2,17-Jul,42933.00,7/20/17,42936.00,1-Aug,42948.00,15.00,md,3-Sep,42981,2-Sep,42980.00,42981,,45.01,28.07,0.864,,,,,,super deformed legs,
4-4-BL-3,BELL,fourfour,4,4,inland,3,17-Jul,42933.00,7/20/17,42936.00,1-Aug,42948.00,15.00,a,,,,,,,,,,,,,,,,
4-4-BL-4,BELL,fourfour,4,4,inland,4,17-Jul,42933.00,7/20/17,42936.00,1-Aug,42948.00,15.00,d,3-Aug,42950,,,42950,dechlor,,,,,,,,,,
4-4-BL-5,BELL,fourfour,4,4,inland,5,17-Jul,42933.00,7/20/17,42936.00,1-Aug,42948.00,15.00,d,3-Aug,42950,,,42950,dechlor,,,,,,,,,,
4-4-BL-6,BELL,fourfour,4,4,inland,6,17-Jul,42933.00,7/20/17,42936.00,1-Aug,42948.00,15.00,d,3-Aug,42950,,,42950,dechlor,,,,,,,,,"very deformed, looks like he drowned. ",
4-4-BL-7,BELL,fourfour,4,4,inland,7,17-Jul,42933.00,7/20/17,42936.00,1-Aug,42948.00,15.00,d,3-Sep,42981,,,42981,,,,,,,,,,,
4-4-BL-8,BELL,fourfour,4,4,inland,8,17-Jul,42933.00,7/20/17,42936.00,1-Aug,42948.00,15.00,a,,,,,,,,,,,,,,,,
4-4-BL-9,BELL,fourfour,4,4,inland,9,17-Jul,42933.00,7/20/17,42936.00,1-Aug,42948.00,15.00,d,3-Aug,42950,,,42950,dechlor,,,,,,,,,,
4-4-BL-10,BELL,fourfour,4,4,inland,10,17-Jul,42933.00,7/20/17,42936.00,1-Aug,42948.00,15.00,m,,,3-Sep,42981.00,42981,,54.91,38.68,0.896,7-Sep,42985.00,18.3,0.477,,,
4-4-BL-11,BELL,fourfour,4,4,inland,11,17-Jul,42933.00,7/20/17,42936.00,1-Aug,42948.00,15.00,d,5-Aug,42952,,,42952,dechlor,,,,,,,,,,
4-4-BL-12,BELL,fourfour,4,4,inland,12,17-Jul,42933.00,7/20/17,42936.00,1-Aug,42948.00,15.00,d,3-Aug,42950,,,42950,dechlor,,,,,,,,,,
4-4-BL-13,BELL,fourfour,4,4,inland,13,17-Jul,42933.00,7/20/17,42936.00,1-Aug,42948.00,15.00,d,7-Aug,42954,,,42954,u,,,,,,,,,,
4-4-BL-14,BELL,fourfour,4,4,inland,14,17-Jul,42933.00,7/20/17,42936.00,1-Aug,42948.00,15.00,d,3-Aug,42950,,,42950,dechlor,,,,,,,,,,
4-4-BL-15,BELL,fourfour,4,4,inland,15,17-Jul,42933.00,7/20/17,42936.00,1-Aug,42948.00,15.00,d,4-Aug,42951,,,42951,dechlor,,,,,,,,,,
4-6-BL-1,BELL,foursix,4,6,inland,1,17-Jul,42933.00,7/20/17,42936.00,1-Aug,42948.00,15.00,d,4-Sep,42982,,,42982,n,,,,,,,,,euthanized due to extreme deformities,
4-6-BL-2,BELL,foursix,4,6,inland,2,17-Jul,42933.00,7/20/17,42936.00,1-Aug,42948.00,15.00,d,11-Aug,42958,,,42958,sal,,,,,,,,,,
4-6-BL-3,BELL,foursix,4,6,inland,3,17-Jul,42933.00,7/20/17,42936.00,1-Aug,42948.00,15.00,d,8-Sep,42986,,,42986,,,,,,,,,,euthanized due to extreme deformities,
4-6-BL-4,BELL,foursix,4,6,inland,4,17-Jul,42933.00,7/20/17,42936.00,1-Aug,42948.00,15.00,d,6-Sep,42984,,,42984,,,,,,,,,,"jumped out of cup, dried on floor",
4-6-BL-5,BELL,foursix,4,6,inland,5,17-Jul,42933.00,7/20/17,42936.00,1-Aug,42948.00,15.00,d,11-Aug,42958,,,42958,sal,,,,,,,,,,
4-8-BL-1,BELL,foureight,4,8,inland,1,17-Jul,42933.00,7/20/17,42936.00,1-Aug,42948.00,15.00,d,9-Aug,42956,,,42956,u,,,,,,,,,,
4-8-BL-2,BELL,foureight,4,8,inland,2,17-Jul,42933.00,7/20/17,42936.00,1-Aug,42948.00,15.00,d,2-Aug,42949,,,42949,n,,,,,,,,,,
4-8-BL-3,BELL,foureight,4,8,inland,3,17-Jul,42933.00,7/20/17,42936.00,1-Aug,42948.00,15.00,d,12-Aug,42959,,,42959,u,,,,,,,,,,
4-8-BL-4,BELL,foureight,4,8,inland,4,17-Jul,42933.00,7/20/17,42936.00,1-Aug,42948.00,15.00,d,9-Aug,42956,,,42956,u,,,,,,,,,,
4-8-BL-5,BELL,foureight,4,8,inland,5,17-Jul,42933.00,7/20/17,42936.00,1-Aug,42948.00,15.00,d,3-Aug,42950,,,42950,n,,,,,,,,,,
0-0-CSI-1,CSI,zerozero,0,0,coastal,1,21-Jun,42907.00,6/25/17,42911.00,5-Jul,42921.00,14.00,m,,,2-Aug,42949.00,42949,,48.78,31.07,0.777,6-Aug,42953.00,18.91,0.441,sammy,,
0-0-CSI-2,CSI,zerozero,0,0,coastal,2,21-Jun,42907.00,6/25/17,42911.00,5-Jul,42921.00,14.00,m,,,2-Aug,42949.00,42949,,47.4,30.45,0.673,6-Aug,42953.00,17.71,0.42,sammy,,
0-0-CSI-3,CSI,zerozero,0,0,coastal,3,21-Jun,42907.00,6/25/17,42911.00,5-Jul,42921.00,14.00,m,,,31-Jul,42947.00,42947,,53.31,34.22,0.7,4-Aug,42951.00,18.53,0.387,,,
0-0-CSI-4,CSI,zerozero,0,0,coastal,4,21-Jun,42907.00,6/25/17,42911.00,5-Jul,42921.00,14.00,m,,,8-Aug,42955.00,42955,,47.64,33.85,0.653,11-Aug,42958.00,18.24,0.384,sammy,,
0-0-CSI-5,CSI,zerozero,0,0,coastal,5,21-Jun,42907.00,6/25/17,42911.00,5-Jul,42921.00,14.00,m,,,31-Jul,42947.00,42947,,45.53,30.86,0.7,4-Aug,42951.00,17.89,0.386,,,
0-0-CSI-6,CSI,zerozero,0,0,coastal,6,21-Jun,42907.00,6/25/17,42911.00,5-Jul,42921.00,14.00,m,,,1-Aug,42948.00,42948,,48.43,34.16,0.682,5-Aug,42952.00,17.98,0.39,sammy,,
0-0-CSI-7,CSI,zerozero,0,0,coastal,7,21-Jun,42907.00,6/25/17,42911.00,5-Jul,42921.00,14.00,m,,,5-Aug,42952.00,42952,,44.33,30.35,0.645,8-Aug,42955.00,17.5,0.387,sammy,,
0-0-CSI-8,CSI,zerozero,0,0,coastal,8,21-Jun,42907.00,6/25/17,42911.00,5-Jul,42921.00,14.00,m,,,3-Aug,42950.00,42950,,51.56,32.4,0.704,6-Aug,42953.00,18.54,0.418,,,
0-0-CSI-9,CSI,zerozero,0,0,coastal,9,21-Jun,42907.00,6/25/17,42911.00,5-Jul,42921.00,14.00,m,,,1-Aug,42948.00,42948,,55.09,37.08,0.852,5-Aug,42952.00,19.15,0.461,sammy,,
0-0-CSI-10,CSI,zerozero,0,0,coastal,10,21-Jun,42907.00,6/25/17,42911.00,5-Jul,42921.00,14.00,m,,,2-Aug,42949.00,42949,,47.22,30.2,0.67,5-Aug,42952.00,17.28,0.403,sammy,,
0-0-CSI-11,CSI,zerozero,0,0,coastal,11,21-Jun,42907.00,6/25/17,42911.00,5-Jul,42921.00,14.00,m,,,1-Aug,42948.00,42948,,49.8,32.09,0.66,5-Aug,42952.00,16.88,0.359,sammy,,
0-0-CSI-12,CSI,zerozero,0,0,coastal,12,21-Jun,42907.00,6/25/17,42911.00,5-Jul,42921.00,14.00,a,27-Jul,42943,,,42943,a,,,,,,,,,,
0-0-CSI-13,CSI,zerozero,0,0,coastal,13,21-Jun,42907.00,6/25/17,42911.00,5-Jul,42921.00,14.00,m,,,4-Aug,42951.00,42951,,47.93,31.85,0.697,7-Aug,42954.00,18.09,0.412,sammy,,
0-0-CSI-14,CSI,zerozero,0,0,coastal,14,21-Jun,42907.00,6/25/17,42911.00,5-Jul,42921.00,14.00,a,27-Jul,42943,,,42943,a,,,,,,,,,,
0-0-CSI-15,CSI,zerozero,0,0,coastal,15,21-Jun,42907.00,6/25/17,42911.00,5-Jul,42921.00,14.00,a,27-Jul,42943,,,42943,a,,,,,,,,,,
0-4-CSI-1,CSI,zerofour,0,4,coastal,1,21-Jun,42907.00,6/25/17,42911.00,5-Jul,42921.00,14.00,m,,,31-Jul,42947.00,42947,,49.31,32.56,0.6,3-Aug,42950.00,19.04,0.389,,,
0-4-CSI-2,CSI,zerofour,0,4,coastal,2,21-Jun,42907.00,6/25/17,42911.00,5-Jul,42921.00,14.00,m,,,4-Aug,42951.00,42951,,50.73,34.93,0.63,7-Aug,42954.00,17.31,0.382,sammy,,
0-4-CSI-3,CSI,zerofour,0,4,coastal,3,21-Jun,42907.00,6/25/17,42911.00,5-Jul,42921.00,14.00,m,,,3-Aug,42950.00,42950,,50.57,33.45,0.698,7-Aug,42954.00,17.75,0.418,sammy,,
0-4-CSI-4,CSI,zerofour,0,4,coastal,4,21-Jun,42907.00,6/25/17,42911.00,5-Jul,42921.00,14.00,m,,,6-Aug,42953.00,42953,,48.5,30.81,0.598,9-Aug,42956.00,17.87,0.406,sammy,,
0-4-CSI-5,CSI,zerofour,0,4,coastal,5,21-Jun,42907.00,6/25/17,42911.00,5-Jul,42921.00,14.00,md,5-Aug,42952,2-Aug,42949.00,42949,,49.72,30.97,0.611,,,,,,,
0-4-CSI-6,CSI,zerofour,0,4,coastal,6,21-Jun,42907.00,6/25/17,42911.00,5-Jul,42921.00,14.00,m,,,4-Aug,42951.00,42951,,50.29,33.76,0.649,7-Aug,42954.00,18.86,0.401,sammy,,
0-4-CSI-7,CSI,zerofour,0,4,coastal,7,21-Jun,42907.00,6/25/17,42911.00,5-Jul,42921.00,14.00,m,,,4-Aug,42951.00,42951,,52.54,36.62,0.655,8-Aug,42955.00,17.8,0.38,sammy,,
0-4-CSI-8,CSI,zerofour,0,4,coastal,8,21-Jun,42907.00,6/25/17,42911.00,5-Jul,42921.00,14.00,m,,,31-Jul,42947.00,42947,,49.97,31.56,0.59,3-Aug,42950.00,18.38,0.383,,,
0-4-CSI-9,CSI,zerofour,0,4,coastal,9,21-Jun,42907.00,6/25/17,42911.00,5-Jul,42921.00,14.00,m,,,6-Aug,42953.00,42953,,50.16,33.24,0.736,10-Aug,42957.00,18.23,0.423,sammy,,
0-4-CSI-10,CSI,zerofour,0,4,coastal,10,21-Jun,42907.00,6/25/17,42911.00,5-Jul,42921.00,14.00,m,,,2-Aug,42949.00,42949,,50.14,33.95,0.647,6-Aug,42953.00,17.54,0.393,sammy,,
0-4-CSI-11,CSI,zerofour,0,4,coastal,11,21-Jun,42907.00,6/25/17,42911.00,5-Jul,42921.00,14.00,a,27-Jul,42943,,,42943,a,,,,,,,,,,
0-4-CSI-12,CSI,zerofour,0,4,coastal,12,21-Jun,42907.00,6/25/17,42911.00,5-Jul,42921.00,14.00,a,27-Jul,42943,,,42943,a,,,,,,,,,,
0-4-CSI-13,CSI,zerofour,0,4,coastal,13,21-Jun,42907.00,6/25/17,42911.00,5-Jul,42921.00,14.00,m,,,4-Aug,42951.00,42951,,49.88,33.9,0.672,8-Aug,42955.00,17.57,0.388,,,
0-4-CSI-14,CSI,zerofour,0,4,coastal,14,21-Jun,42907.00,6/25/17,42911.00,5-Jul,42921.00,14.00,m,,,1-Aug,42948.00,42948,,51.83,36.39,0.667,4-Aug,42951.00,18.47,0.409,,,
0-4-CSI-15,CSI,zerofour,0,4,coastal,15,21-Jun,42907.00,6/25/17,42911.00,5-Jul,42921.00,14.00,a,27-Jul,42943,,,42943,a,,,,,,,,,,
0-6-CSI-1,CSI,zerosix,0,6,coastal,1,21-Jun,42907.00,6/25/17,42911.00,5-Jul,42921.00,14.00,m,,,4-Aug,42951.00,42951,,51.49,34.31,0.772,8-Aug,42955.00,18.91,0.475,sammy,,
0-6-CSI-2,CSI,zerosix,0,6,coastal,2,21-Jun,42907.00,6/25/17,42911.00,5-Jul,42921.00,14.00,m,,,4-Aug,42951.00,42951,,52.43,36.31,0.848,8-Aug,42955.00,18.4,0.467,sammy,,
0-6-CSI-3,CSI,zerosix,0,6,coastal,3,21-Jun,42907.00,6/25/17,42911.00,5-Jul,42921.00,14.00,md,5-Aug,42952,2-Aug,42949.00,42949,,49.61,32.79,0.723,,,,,,,
0-6-CSI-4,CSI,zerosix,0,6,coastal,4,21-Jun,42907.00,6/25/17,42911.00,5-Jul,42921.00,14.00,m,,,7-Aug,42954.00,42954,,44.26,28.92,0.629,11-Aug,42958.00,16.81,0.346,sammy,,
0-6-CSI-5,CSI,zerosix,0,6,coastal,5,21-Jun,42907.00,6/25/17,42911.00,5-Jul,42921.00,14.00,m,,,2-Aug,42949.00,42949,,51,33.41,0.706,6-Aug,42953.00,17.58,0.395,sammy,,
0-8-CSI-1,CSI,zeroeight,0,8,coastal,1,21-Jun,42907.00,6/25/17,42911.00,5-Jul,42921.00,14.00,d,18-Aug,42965,,,42965,n,,,,,,,,,,
0-8-CSI-2,CSI,zeroeight,0,8,coastal,2,21-Jun,42907.00,6/25/17,42911.00,5-Jul,42921.00,14.00,d,9-Jul,42925,,,42925,n,,,,,,,,,,
0-8-CSI-3,CSI,zeroeight,0,8,coastal,3,21-Jun,42907.00,6/25/17,42911.00,5-Jul,42921.00,14.00,d,5-Aug,42952,,,42952,u,,,,,,,,,,
0-8-CSI-4,CSI,zeroeight,0,8,coastal,4,21-Jun,42907.00,6/25/17,42911.00,5-Jul,42921.00,14.00,d,30-Jul,42946,,,42946,n,,,,,,,,,,
0-8-CSI-5,CSI,zeroeight,0,8,coastal,5,21-Jun,42907.00,6/25/17,42911.00,5-Jul,42921.00,14.00,d,11-Aug,42958,,,42958,sal,,,,,,,,,,
4-0-CSI-1,CSI,fourzero,4,0,coastal,1,21-Jun,42907.00,6/25/17,42911.00,5-Jul,42921.00,14.00,m,,,1-Aug,42948.00,42948,,47.47,29.4,0.753,4-Aug,42951.00,18.95,0.418,,,
4-0-CSI-2,CSI,fourzero,4,0,coastal,2,21-Jun,42907.00,6/25/17,42911.00,5-Jul,42921.00,14.00,m,,,31-Jul,42947.00,42947,,47.21,30.43,0.64,3-Aug,42950.00,18.03,0.408,,,
4-0-CSI-3,CSI,fourzero,4,0,coastal,3,21-Jun,42907.00,6/25/17,42911.00,5-Jul,42921.00,14.00,md,6-Aug,42953,3-Aug,42950.00,42950,,46.95,31.6,0.564,,,,,,,
4-0-CSI-4,CSI,fourzero,4,0,coastal,4,21-Jun,42907.00,6/25/17,42911.00,5-Jul,42921.00,14.00,m,,,1-Aug,42948.00,42948,,45.61,28.84,0.641,4-Aug,42951.00,18.48,0.386,,,
4-0-CSI-5,CSI,fourzero,4,0,coastal,5,21-Jun,42907.00,6/25/17,42911.00,5-Jul,42921.00,14.00,m,,,2-Aug,42949.00,42949,,50.75,34.05,0.791,5-Aug,42952.00,19.53,0.484,sammy,,
4-0-CSI-6,CSI,fourzero,4,0,coastal,6,21-Jun,42907.00,6/25/17,42911.00,5-Jul,42921.00,14.00,m,,,31-Jul,42947.00,42947,,47.97,29.42,0.63,3-Aug,42950.00,17.7,0.381,,,
4-0-CSI-7,CSI,fourzero,4,0,coastal,7,21-Jun,42907.00,6/25/17,42911.00,5-Jul,42921.00,14.00,m,,,31-Jul,42947.00,42947,,48.24,32.21,0.61,4-Aug,42951.00,17.43,0.367,,,
4-0-CSI-8,CSI,fourzero,4,0,coastal,8,21-Jun,42907.00,6/25/17,42911.00,5-Jul,42921.00,14.00,d,14-Jul,42930,,,42930,n,,,,,,,,,,
4-0-CSI-9,CSI,fourzero,4,0,coastal,9,21-Jun,42907.00,6/25/17,42911.00,5-Jul,42921.00,14.00,m,,,1-Aug,42948.00,42948,,48.07,31.59,0.733,5-Aug,42952.00,18.08,0.394,sammy,,
4-0-CSI-10,CSI,fourzero,4,0,coastal,10,21-Jun,42907.00,6/25/17,42911.00,5-Jul,42921.00,14.00,m,,,30-Jul,42946.00,42946,,46.73,30.09,0.755,2-Aug,42949.00,17.45,0.446,,,
4-0-CSI-11,CSI,fourzero,4,0,coastal,11,21-Jun,42907.00,6/25/17,42911.00,5-Jul,42921.00,14.00,a,27-Jul,42943,,,42943,a,,,,,,,,,,
4-0-CSI-12,CSI,fourzero,4,0,coastal,12,21-Jun,42907.00,6/25/17,42911.00,5-Jul,42921.00,14.00,a,27-Jul,42943,,,42943,a,,,,,,,,,,
4-0-CSI-13,CSI,fourzero,4,0,coastal,13,21-Jun,42907.00,6/25/17,42911.00,5-Jul,42921.00,14.00,md,6-Aug,42953,2-Aug,42949.00,42949,,44.96,30.11,0.573,5-Aug,42952.00,17.6,0.365,,,
4-0-CSI-14,CSI,fourzero,4,0,coastal,14,21-Jun,42907.00,6/25/17,42911.00,5-Jul,42921.00,14.00,a,27-Jul,42943,,,42943,a,,,,,,,,,,
4-0-CSI-15,CSI,fourzero,4,0,coastal,15,21-Jun,42907.00,6/25/17,42911.00,5-Jul,42921.00,14.00,m,,,31-Jul,42947.00,42947,,49.23,32.61,0.69,4-Aug,42951.00,17.71,0.404,,,
4-4-CSI-1,CSI,fourfour,4,4,coastal,1,21-Jun,42907.00,6/25/17,42911.00,5-Jul,42921.00,14.00,m,,,6-Aug,42953.00,42953,,47.87,29.78,0.592,9-Aug,42956.00,17.52,0.378,sammy,,
4-4-CSI-2,CSI,fourfour,4,4,coastal,2,21-Jun,42907.00,6/25/17,42911.00,5-Jul,42921.00,14.00,m,,,6-Aug,42953.00,42953,,54.59,39.09,0.776,9-Aug,42956.00,18.88,0.459,sammy,,
4-4-CSI-3,CSI,fourfour,4,4,coastal,3,21-Jun,42907.00,6/25/17,42911.00,5-Jul,42921.00,14.00,m,,,5-Aug,42952.00,42952,,48.21,33.57,0.65,8-Aug,42955.00,17.29,0.383,sammy,,
4-4-CSI-4,CSI,fourfour,4,4,coastal,4,21-Jun,42907.00,6/25/17,42911.00,5-Jul,42921.00,14.00,m,,,6-Aug,42953.00,42953,,46,30.33,0.611,9-Aug,42956.00,16.92,0.39,sammy,,
4-4-CSI-5,CSI,fourfour,4,4,coastal,5,21-Jun,42907.00,6/25/17,42911.00,5-Jul,42921.00,14.00,m,,,5-Aug,42952.00,42952,,45.97,29.01,0.673,8-Aug,42955.00,17.43,0.386,sammy,,
4-4-CSI-6,CSI,fourfour,4,4,coastal,6,21-Jun,42907.00,6/25/17,42911.00,5-Jul,42921.00,14.00,m,,,4-Aug,42951.00,42951,,48.48,31.69,0.593,7-Aug,42954.00,16.63,0.377,sammy,,
4-4-CSI-7,CSI,fourfour,4,4,coastal,7,21-Jun,42907.00,6/25/17,42911.00,5-Jul,42921.00,14.00,m,,,3-Aug,42950.00,42950,,45.5,30.31,0.593,6-Aug,42953.00,17.93,0.354,sammy,,
4-4-CSI-8,CSI,fourfour,4,4,coastal,8,21-Jun,42907.00,6/25/17,42911.00,5-Jul,42921.00,14.00,m,,,4-Aug,42951.00,42951,,52.85,35.39,0.705,7-Aug,42954.00,18.92,0.453,sammy,,
4-4-CSI-9,CSI,fourfour,4,4,coastal,9,21-Jun,42907.00,6/25/17,42911.00,5-Jul,42921.00,14.00,m,,,5-Aug,42952.00,42952,,47.59,32.8,0.602,8-Aug,42955.00,16.71,0.394,sammy,,
4-4-CSI-10,CSI,fourfour,4,4,coastal,10,21-Jun,42907.00,6/25/17,42911.00,5-Jul,42921.00,14.00,m,,,3-Aug,42950.00,42950,,49.93,33.03,0.599,6-Aug,42953.00,16.9,0.389,sammy,,
4-4-CSI-11,CSI,fourfour,4,4,coastal,11,21-Jun,42907.00,6/25/17,42911.00,5-Jul,42921.00,14.00,m,,,3-Aug,42950.00,42950,,51.93,35.1,0.697,6-Aug,42953.00,18.92,0.442,sammy,,
4-4-CSI-12,CSI,fourfour,4,4,coastal,12,21-Jun,42907.00,6/25/17,42911.00,5-Jul,42921.00,14.00,a,27-Jul,42943,,,42943,a,,,,,,,,,,
4-4-CSI-13,CSI,fourfour,4,4,coastal,13,21-Jun,42907.00,6/25/17,42911.00,5-Jul,42921.00,14.00,m,,,2-Aug,42949.00,42949,,52.38,32.91,0.668,5-Aug,42952.00,19.08,0.429,sammy,,
4-4-CSI-14,CSI,fourfour,4,4,coastal,14,21-Jun,42907.00,6/25/17,42911.00,5-Jul,42921.00,14.00,a,27-Jul,42943,,,42943,a,,,,,,,,,,
4-4-CSI-15,CSI,fourfour,4,4,coastal,15,21-Jun,42907.00,6/25/17,42911.00,5-Jul,42921.00,14.00,a,27-Jul,42943,,,42943,a,,,,,,,,,,
4-6-CSI-1,CSI,foursix,4,6,coastal,1,21-Jun,42907.00,6/25/17,42911.00,5-Jul,42921.00,14.00,md,8-Aug,42955,6-Aug,42953.00,42953,u,47.33,33.15,0.65,,,,,sammy,,
4-6-CSI-2,CSI,foursix,4,6,coastal,2,21-Jun,42907.00,6/25/17,42911.00,5-Jul,42921.00,14.00,md,6-Aug,42953,4-Aug,42951.00,42951,u,52.9,37.62,0.654,,,,,,,
4-6-CSI-3,CSI,foursix,4,6,coastal,3,21-Jun,42907.00,6/25/17,42911.00,5-Jul,42921.00,14.00,m,,,7-Aug,42954.00,42954,,51.47,38.31,0.842,11-Aug,42958.00,18.53,0.436,sammy,,
4-6-CSI-4,CSI,foursix,4,6,coastal,4,21-Jun,42907.00,6/25/17,42911.00,5-Jul,42921.00,14.00,md,8-Aug,42955,6-Aug,42953.00,42953,u,49.79,35.58,0.663,,,,,sammy,,
4-6-CSI-5,CSI,foursix,4,6,coastal,5,21-Jun,42907.00,6/25/17,42911.00,5-Jul,42921.00,14.00,md,8-Aug,42955,5-Aug,42952.00,42952,u,50.42,32.26,0.663,,,,,sammy,,
4-8-CSI-1,CSI,foureight,4,8,coastal,1,21-Jun,42907.00,6/25/17,42911.00,5-Jul,42921.00,14.00,d,28-Jul,42944,,,42944,,,,,,,,,,,
4-8-CSI-2,CSI,foureight,4,8,coastal,2,21-Jun,42907.00,6/25/17,42911.00,5-Jul,42921.00,14.00,d,15-Jul,42931,,,42931,,,,,,,,,,,
4-8-CSI-3,CSI,foureight,4,8,coastal,3,21-Jun,42907.00,6/25/17,42911.00,5-Jul,42921.00,14.00,d,30-Aug,42977,,,42977,n,,,,,,,,,,
4-8-CSI-4,CSI,foureight,4,8,coastal,4,21-Jun,42907.00,6/25/17,42911.00,5-Jul,42921.00,14.00,d,13-Jul,42929,,,42929,n,,,,,,,,,,
4-8-CSI-5,CSI,foureight,4,8,coastal,5,21-Jun,42907.00,6/25/17,42911.00,5-Jul,42921.00,14.00,d,10-Jul,42926,,,42926,,,,,,,,,,,
0-0-DQ-1,DQ,zerozero,0,0,coastal,1,11-Jul,42927.00,7/14/17,42930.00,25-Jul,42941.00,14.00,m,,,22-Aug,42969.00,42969,,53.15,35.92,1.017,27-Aug,42974.00,18.73,0.542,,,
0-0-DQ-2,DQ,zerozero,0,0,coastal,2,11-Jul,42927.00,7/14/17,42930.00,25-Jul,42941.00,14.00,m,,,24-Aug,42971.00,42971,,49.32,33.55,0.805,27-Aug,42974.00,18.26,0.502,,,
0-0-DQ-3,DQ,zerozero,0,0,coastal,3,11-Jul,42927.00,7/14/17,42930.00,25-Jul,42941.00,14.00,m,,,24-Aug,42971.00,42971,,52.26,36.29,0.971,28-Aug,42975.00,21.04,0.555,,,
0-0-DQ-4,DQ,zerozero,0,0,coastal,4,11-Jul,42927.00,7/14/17,42930.00,25-Jul,42941.00,14.00,m,,,25-Aug,42972.00,42972,,51.51,34.05,0.869,29-Aug,42976.00,20.17,0.523,,,
0-0-DQ-5,DQ,zerozero,0,0,coastal,5,11-Jul,42927.00,7/14/17,42930.00,25-Jul,42941.00,14.00,m,,,22-Aug,42969.00,42969,,45.61,28.44,0.756,25-Aug,42972.00,19.14,0.499,,,
0-0-DQ-6,DQ,zerozero,0,0,coastal,6,11-Jul,42927.00,7/14/17,42930.00,25-Jul,42941.00,14.00,m,,,27-Aug,42974.00,42974,,55.76,35.95,0.986,31-Aug,42978.00,19.7,0.602,,,
0-0-DQ-7,DQ,zerozero,0,0,coastal,7,11-Jul,42927.00,7/14/17,42930.00,25-Jul,42941.00,14.00,m,,,23-Aug,42970.00,42970,,49.85,32.61,0.916,27-Aug,42974.00,18.66,0.499,,,
0-0-DQ-8,DQ,zerozero,0,0,coastal,8,11-Jul,42927.00,7/14/17,42930.00,25-Jul,42941.00,14.00,m,,,25-Aug,42972.00,42972,,54.66,36.31,0.915,28-Aug,42975.00,20.44,0.575,,,
0-0-DQ-9,DQ,zerozero,0,0,coastal,9,11-Jul,42927.00,7/14/17,42930.00,25-Jul,42941.00,14.00,m,,,24-Aug,42971.00,42971,,50.45,33.67,0.881,29-Aug,42976.00,18.85,0.453,,,
0-0-DQ-10,DQ,zerozero,0,0,coastal,10,11-Jul,42927.00,7/14/17,42930.00,25-Jul,42941.00,14.00,m,,,22-Aug,42969.00,42969,,52.06,33.25,0.805,25-Aug,42972.00,18.26,0.504,,,
0-0-DQ-11,DQ,zerozero,0,0,coastal,11,11-Jul,42927.00,7/14/17,42930.00,25-Jul,42941.00,14.00,m,,,22-Aug,42969.00,42969,,53.76,38,0.894,26-Aug,42973.00,19.8,0.525,,,
0-0-DQ-12,DQ,zerozero,0,0,coastal,12,11-Jul,42927.00,7/14/17,42930.00,25-Jul,42941.00,14.00,a,,,,,,,,,,,,,,,,
0-0-DQ-13,DQ,zerozero,0,0,coastal,13,11-Jul,42927.00,7/14/17,42930.00,25-Jul,42941.00,14.00,a,,,,,,,,,,,,,,,,
0-0-DQ-14,DQ,zerozero,0,0,coastal,14,11-Jul,42927.00,7/14/17,42930.00,25-Jul,42941.00,14.00,a,,,,,,,,,,,,,,,,
0-0-DQ-15,DQ,zerozero,0,0,coastal,15,11-Jul,42927.00,7/14/17,42930.00,25-Jul,42941.00,14.00,m,,,23-Aug,42970.00,42970,,51.39,33.6,1.047,27-Aug,42974.00,20.65,0.608,,,
0-4-DQ-1,DQ,zerofour,0,4,coastal,1,11-Jul,42927.00,7/14/17,42930.00,25-Jul,42941.00,14.00,m,,,26-Aug,42973.00,42973,,53.59,36.96,0.845,30-Aug,42977.00,19.49,0.534,,,
0-4-DQ-2,DQ,zerofour,0,4,coastal,2,11-Jul,42927.00,7/14/17,42930.00,25-Jul,42941.00,14.00,m,,,26-Aug,42973.00,42973,,52.38,34.67,0.866,29-Aug,42976.00,19.69,0.563,,,
0-4-DQ-3,DQ,zerofour,0,4,coastal,3,11-Jul,42927.00,7/14/17,42930.00,25-Jul,42941.00,14.00,m,,,25-Aug,42972.00,42972,,50.96,33.19,0.833,28-Aug,42975.00,19.09,0.512,,,
0-4-DQ-4,DQ,zerofour,0,4,coastal,4,11-Jul,42927.00,7/14/17,42930.00,25-Jul,42941.00,14.00,m,,,25-Aug,42972.00,42972,,53.58,35.74,0.95,30-Aug,42977.00,18.67,0.506,,,
0-4-DQ-5,DQ,zerofour,0,4,coastal,5,11-Jul,42927.00,7/14/17,42930.00,25-Jul,42941.00,14.00,m,,,25-Aug,42972.00,42972,,57.95,39.51,1.056,28-Aug,42975.00,19.61,0.628,,,
0-4-DQ-6,DQ,zerofour,0,4,coastal,6,11-Jul,42927.00,7/14/17,42930.00,25-Jul,42941.00,14.00,m,,,23-Aug,42970.00,42970,,57.37,39.18,0.899,27-Aug,42974.00,18.28,0.518,,,
0-4-DQ-7,DQ,zerofour,0,4,coastal,7,11-Jul,42927.00,7/14/17,42930.00,25-Jul,42941.00,14.00,m,,,27-Aug,42974.00,42974,,52.76,34.98,0.893,31-Aug,42978.00,18.34,0.503,,,
0-4-DQ-8,DQ,zerofour,0,4,coastal,8,11-Jul,42927.00,7/14/17,42930.00,25-Jul,42941.00,14.00,m,,,25-Aug,42972.00,42972,,46.03,30.86,0.779,29-Aug,42976.00,17.54,0.441,,,
0-4-DQ-9,DQ,zerofour,0,4,coastal,9,11-Jul,42927.00,7/14/17,42930.00,25-Jul,42941.00,14.00,m,,,24-Aug,42971.00,42971,,55.42,40.44,0.988,27-Aug,42974.00,20.23,0.591,,,
0-4-DQ-10,DQ,zerofour,0,4,coastal,10,11-Jul,42927.00,7/14/17,42930.00,25-Jul,42941.00,14.00,m,,,25-Aug,42972.00,42972,,53.62,36.28,0.89,28-Aug,42975.00,20.94,0.555,,,
0-4-DQ-11,DQ,zerofour,0,4,coastal,11,11-Jul,42927.00,7/14/17,42930.00,25-Jul,42941.00,14.00,a,,,,,,,,,,,,,,,,
0-4-DQ-12,DQ,zerofour,0,4,coastal,12,11-Jul,42927.00,7/14/17,42930.00,25-Jul,42941.00,14.00,m,,,26-Aug,42973.00,42973,,52.9,36.61,0.898,30-Aug,42977.00,19.56,0.515,,,
0-4-DQ-13,DQ,zerofour,0,4,coastal,13,11-Jul,42927.00,7/14/17,42930.00,25-Jul,42941.00,14.00,a,,,,,,,,,,,,,,,,
0-4-DQ-14,DQ,zerofour,0,4,coastal,14,11-Jul,42927.00,7/14/17,42930.00,25-Jul,42941.00,14.00,a,,,,,,,,,,,,,,,,
0-4-DQ-15,DQ,zerofour,0,4,coastal,15,11-Jul,42927.00,7/14/17,42930.00,25-Jul,42941.00,14.00,m,,,22-Aug,42969.00,42969,,51.23,37.81,0.893,25-Aug,42972.00,19.77,0.501,,,
0-6-DQ-1,DQ,zerosix,0,6,coastal,1,11-Jul,42927.00,7/14/17,42930.00,25-Jul,42941.00,14.00,m,,,25-Aug,42972.00,42972,,52.73,37.62,0.771,29-Aug,42976.00,17.71,0.445,,,
0-6-DQ-2,DQ,zerosix,0,6,coastal,2,11-Jul,42927.00,7/14/17,42930.00,25-Jul,42941.00,14.00,m,,,30-Aug,42977.00,42977,,56.12,38.6,1.029,3-Sep,42981.00,20,0.611,,,
0-6-DQ-3,DQ,zerosix,0,6,coastal,3,11-Jul,42927.00,7/14/17,42930.00,25-Jul,42941.00,14.00,m,,,8-Sep,42986.00,42986,,54.28,37.15,1.015,12-Sep,42990.00,18.01,0.651,,,
0-6-DQ-4,DQ,zerosix,0,6,coastal,4,11-Jul,42927.00,7/14/17,42930.00,25-Jul,42941.00,14.00,m,,,3-Sep,42981.00,42981,,54.3,35.09,1.115,7-Sep,42985.00,20.34,0.606,,,
0-6-DQ-5,DQ,zerosix,0,6,coastal,5,11-Jul,42927.00,7/14/17,42930.00,25-Jul,42941.00,14.00,d,30-Aug,42977,,,42977,n,,,,,,,,,,
0-8-DQ-1,DQ,zeroeight,0,8,coastal,1,11-Jul,42927.00,7/14/17,42930.00,25-Jul,42941.00,14.00,d,9-Aug,42956,,,42956,u,,,,,,,,,,
0-8-DQ-2,DQ,zeroeight,0,8,coastal,2,11-Jul,42927.00,7/14/17,42930.00,25-Jul,42941.00,14.00,d,10-Aug,42957,,,42957,u,,,,,,,,,,
0-8-DQ-3,DQ,zeroeight,0,8,coastal,3,11-Jul,42927.00,7/14/17,42930.00,25-Jul,42941.00,14.00,d,5-Aug,42952,,,42952,u,,,,,,,,,,
0-8-DQ-4,DQ,zeroeight,0,8,coastal,4,11-Jul,42927.00,7/14/17,42930.00,25-Jul,42941.00,14.00,d,26-Jul,42942,,,42942,n,,,,,,,,,,
0-8-DQ-5,DQ,zeroeight,0,8,coastal,5,11-Jul,42927.00,7/14/17,42930.00,25-Jul,42941.00,14.00,d,6-Aug,42953,,,42953,,,,,,,,,,"Guessing on exact date because it wasn't written down- have it within the week, butpicked middle date to hedge bets",
4-0-DQ-1,DQ,fourzero,4,0,coastal,1,11-Jul,42927.00,7/14/17,42930.00,25-Jul,42941.00,14.00,m,,,22-Aug,42969.00,42969,,47.25,30.91,0.752,25-Aug,42972.00,19.79,0.486,,,
4-0-DQ-2,DQ,fourzero,4,0,coastal,2,11-Jul,42927.00,7/14/17,42930.00,25-Jul,42941.00,14.00,m,,,22-Aug,42969.00,42969,,47.15,30.55,0.66,25-Aug,42972.00,18.36,0.438,,,
4-0-DQ-3,DQ,fourzero,4,0,coastal,3,11-Jul,42927.00,7/14/17,42930.00,25-Jul,42941.00,14.00,d,12-Aug,42959,,,42959,u,,,,,,,,,,
4-0-DQ-4,DQ,fourzero,4,0,coastal,4,11-Jul,42927.00,7/14/17,42930.00,25-Jul,42941.00,14.00,m,,,22-Aug,42969.00,42969,,48.3,32.4,0.753,26-Aug,42973.00,18.72,0.45,,,
4-0-DQ-5,DQ,fourzero,4,0,coastal,5,11-Jul,42927.00,7/14/17,42930.00,25-Jul,42941.00,14.00,m,,,22-Aug,42969.00,42969,,45.86,29.32,0.82,25-Aug,42972.00,18.12,0.473,,,
4-0-DQ-6,DQ,fourzero,4,0,coastal,6,11-Jul,42927.00,7/14/17,42930.00,25-Jul,42941.00,14.00,m,,,21-Aug,42968.00,42968,,46.75,28.64,0.784,25-Aug,42972.00,17.59,0.44,,,
4-0-DQ-7,DQ,fourzero,4,0,coastal,7,11-Jul,42927.00,7/14/17,42930.00,25-Jul,42941.00,14.00,m,,,23-Aug,42970.00,42970,,47.73,31.57,0.778,27-Aug,42974.00,18.77,0.461,,,
4-0-DQ-8,DQ,fourzero,4,0,coastal,8,11-Jul,42927.00,7/14/17,42930.00,25-Jul,42941.00,14.00,m,,,22-Aug,42969.00,42969,,44.56,30.08,0.73,27-Aug,42974.00,16.77,0.43,,,
4-0-DQ-9,DQ,fourzero,4,0,coastal,9,11-Jul,42927.00,7/14/17,42930.00,25-Jul,42941.00,14.00,m,,,24-Aug,42971.00,42971,,51.11,34.29,0.94,29-Aug,42976.00,18,0.516,,,
4-0-DQ-10,DQ,fourzero,4,0,coastal,10,11-Jul,42927.00,7/14/17,42930.00,25-Jul,42941.00,14.00,m,,,24-Aug,42971.00,42971,,46.88,33.42,0.808,28-Aug,42975.00,19.39,0.497,,,
4-0-DQ-11,DQ,fourzero,4,0,coastal,11,11-Jul,42927.00,7/14/17,42930.00,25-Jul,42941.00,14.00,a,,,,,,,,,,,,,,,,
4-0-DQ-12,DQ,fourzero,4,0,coastal,12,11-Jul,42927.00,7/14/17,42930.00,25-Jul,42941.00,14.00,a,,,,,,,,,,,,,,,,
4-0-DQ-13,DQ,fourzero,4,0,coastal,13,11-Jul,42927.00,7/14/17,42930.00,25-Jul,42941.00,14.00,m,,,23-Aug,42970.00,42970,,51.01,32.43,0.977,27-Aug,42974.00,18.65,0.578,,,
4-0-DQ-14,DQ,fourzero,4,0,coastal,14,11-Jul,42927.00,7/14/17,42930.00,25-Jul,42941.00,14.00,a,,,,,,,,,,,,,,,,
4-0-DQ-15,DQ,fourzero,4,0,coastal,15,11-Jul,42927.00,7/14/17,42930.00,25-Jul,42941.00,14.00,m,,,23-Aug,42970.00,42970,,41.57,25.51,0.625,26-Aug,42973.00,17.25,0.408,,,
4-4-DQ-1,DQ,fourfour,4,4,coastal,1,11-Jul,42927.00,7/14/17,42930.00,25-Jul,42941.00,14.00,m,,,23-Aug,42970.00,42970,,52.47,36.98,0.756,27-Aug,42974.00,18.8,0.4,,,
4-4-DQ-2,DQ,fourfour,4,4,coastal,2,11-Jul,42927.00,7/14/17,42930.00,25-Jul,42941.00,14.00,m,,,25-Aug,42972.00,42972,,50.86,32.98,0.845,29-Aug,42976.00,18.64,0.531,,,
4-4-DQ-3,DQ,fourfour,4,4,coastal,3,11-Jul,42927.00,7/14/17,42930.00,25-Jul,42941.00,14.00,m,,,24-Aug,42971.00,42971,,50.45,34.15,0.861,27-Aug,42974.00,17.85,0.525,,,
4-4-DQ-4,DQ,fourfour,4,4,coastal,4,11-Jul,42927.00,7/14/17,42930.00,25-Jul,42941.00,14.00,md,27-Aug,42974,24-Aug,42971.00,42971,u,53.3,39.47,0.846,,,,,,,
4-4-DQ-5,DQ,fourfour,4,4,coastal,5,11-Jul,42927.00,7/14/17,42930.00,25-Jul,42941.00,14.00,m,,,27-Aug,42974.00,42974,,52.93,33.98,0.927,2-Sep,42980.00,18.18,0.524,,,
4-4-DQ-6,DQ,fourfour,4,4,coastal,6,11-Jul,42927.00,7/14/17,42930.00,25-Jul,42941.00,14.00,m,,,27-Aug,42974.00,42974,,54.58,38.14,0.933,31-Aug,42978.00,18.88,0.531,,,
4-4-DQ-7,DQ,fourfour,4,4,coastal,7,11-Jul,42927.00,7/14/17,42930.00,25-Jul,42941.00,14.00,m,,,27-Aug,42974.00,42974,,55.23,37.63,1.008,31-Aug,42978.00,19.16,0.605,,,
4-4-DQ-8,DQ,fourfour,4,4,coastal,8,11-Jul,42927.00,7/14/17,42930.00,25-Jul,42941.00,14.00,m,,,25-Aug,42972.00,42972,,49.25,34.06,0.81,28-Aug,42975.00,18.69,0.525,,,
4-4-DQ-9,DQ,fourfour,4,4,coastal,9,11-Jul,42927.00,7/14/17,42930.00,25-Jul,42941.00,14.00,m,,,29-Aug,42976.00,42976,,53.61,37.6,0.839,2-Sep,42980.00,18.49,0.558,,,
4-4-DQ-10,DQ,fourfour,4,4,coastal,10,11-Jul,42927.00,7/14/17,42930.00,25-Jul,42941.00,14.00,m,,,25-Aug,42972.00,42972,,51.35,34.01,0.921,29-Aug,42976.00,19.66,0.553,,,
4-4-DQ-11,DQ,fourfour,4,4,coastal,11,11-Jul,42927.00,7/14/17,42930.00,25-Jul,42941.00,14.00,a,,,,,,,,,,,,,,,,
4-4-DQ-12,DQ,fourfour,4,4,coastal,12,11-Jul,42927.00,7/14/17,42930.00,25-Jul,42941.00,14.00,m,,,25-Aug,42972.00,42972,,51.19,35.41,0.901,30-Aug,42977.00,19.69,0.512,,,
4-4-DQ-13,DQ,fourfour,4,4,coastal,13,11-Jul,42927.00,7/14/17,42930.00,25-Jul,42941.00,14.00,m,,,20-Aug,42967.00,42967,,50.1,31.92,0.883,24-Aug,42971.00,19.31,0.506,,,
4-4-DQ-14,DQ,fourfour,4,4,coastal,14,11-Jul,42927.00,7/14/17,42930.00,25-Jul,42941.00,14.00,a,,,,,,,,,,,,,,,,
4-4-DQ-15,DQ,fourfour,4,4,coastal,15,11-Jul,42927.00,7/14/17,42930.00,25-Jul,42941.00,14.00,a,,,,,,,,,,,,,,,,
4-6-DQ-1,DQ,foursix,4,6,coastal,1,11-Jul,42927.00,7/14/17,42930.00,25-Jul,42941.00,14.00,m,,,31-Aug,42978.00,42978,,54.21,36.96,0.934,4-Sep,42982.00,19.37,0.584,,club leg,
4-6-DQ-2,DQ,foursix,4,6,coastal,2,11-Jul,42927.00,7/14/17,42930.00,25-Jul,42941.00,14.00,m,,,25-Aug,42972.00,42972,,47.3,28.84,0.714,28-Aug,42975.00,17.85,0.421,,,
4-6-DQ-3,DQ,foursix,4,6,coastal,3,11-Jul,42927.00,7/14/17,42930.00,25-Jul,42941.00,14.00,m,,,1-Sep,42979.00,42979,,50.13,34.47,0.833,5-Sep,42983.00,17.31,0.461,,club leg,
4-6-DQ-4,DQ,foursix,4,6,coastal,4,11-Jul,42927.00,7/14/17,42930.00,25-Jul,42941.00,14.00,m,,,29-Aug,42976.00,42976,,52.33,35.27,0.933,3-Sep,42981.00,18.12,0.542,,,
4-6-DQ-5,DQ,foursix,4,6,coastal,5,11-Jul,42927.00,7/14/17,42930.00,25-Jul,42941.00,14.00,d,5-Aug,42952,,,42952,u,,,,,,,,,,
4-8-DQ-1,DQ,foureight,4,8,coastal,1,11-Jul,42927.00,7/14/17,42930.00,25-Jul,42941.00,14.00,d,26-Jul,42942,,,42942,n,,,,,,,,,,
4-8-DQ-2,DQ,foureight,4,8,coastal,2,11-Jul,42927.00,7/14/17,42930.00,25-Jul,42941.00,14.00,d,5-Aug,42952,,,42952,u,,,,,,,,,,
4-8-DQ-3,DQ,foureight,4,8,coastal,3,11-Jul,42927.00,7/14/17,42930.00,25-Jul,42941.00,14.00,d,9-Aug,42956,,,42956,u,,,,,,,,,,
4-8-DQ-4,DQ,foureight,4,8,coastal,4,11-Jul,42927.00,7/14/17,42930.00,25-Jul,42941.00,14.00,d,10-Aug,42957,,,42957,u,,,,,,,,,,
4-8-DQ-5,DQ,foureight,4,8,coastal,5,11-Jul,42927.00,7/14/17,42930.00,25-Jul,42941.00,14.00,d,7-Aug,42954,,,42954,u,,,,,,,,,,
0-0-BOD-1,BOD,zerozero,0,0,coastal,1,3-Jul,42919.00,6/30/17,42916.00,16-Jul,42932.00,13.00,m,,,10-Aug,42957.00,42957,,43.08,28.12,0.587,13-Aug,42960.00,17.01,0.371,sammy,,
0-0-BOD-2,BOD,zerozero,0,0,coastal,2,3-Jul,42919.00,6/30/17,42916.00,16-Jul,42932.00,13.00,m,,,10-Aug,42957.00,42957,,40.72,28.26,0.46,13-Aug,42960.00,17.19,0.29,sammy,,
0-0-BOD-3,BOD,zerozero,0,0,coastal,3,3-Jul,42919.00,6/30/17,42916.00,16-Jul,42932.00,13.00,m,,,12-Aug,42959.00,42959,,43.97,27.16,0.529,15-Aug,42962.00,17.57,0.32,,,
0-0-BOD-4,BOD,zerozero,0,0,coastal,4,3-Jul,42919.00,6/30/17,42916.00,16-Jul,42932.00,13.00,m,,,8-Aug,42955.00,42955,,49.31,32.24,0.587,11-Aug,42958.00,16.92,0.323,sammy,,
0-0-BOD-5,BOD,zerozero,0,0,coastal,5,3-Jul,42919.00,6/30/17,42916.00,16-Jul,42932.00,13.00,md,12-Aug,42959,9-Aug,42956.00,42956,,41.65,25.55,0.547,,,,,sammy,,
0-0-BOD-6,BOD,zerozero,0,0,coastal,6,3-Jul,42919.00,6/30/17,42916.00,16-Jul,42932.00,13.00,m,,,10-Aug,42957.00,42957,,43.94,30.24,0.509,13-Aug,42960.00,16.34,0.324,sammy,,
0-0-BOD-7,BOD,zerozero,0,0,coastal,7,3-Jul,42919.00,6/30/17,42916.00,16-Jul,42932.00,13.00,m,,,8-Aug,42955.00,42955,,43.6,30.31,0.538,11-Aug,42958.00,16.87,0.313,sammy,,
0-0-BOD-8,BOD,zerozero,0,0,coastal,8,3-Jul,42919.00,6/30/17,42916.00,16-Jul,42932.00,13.00,m,,,11-Aug,42958.00,42958,,44.11,32.45,0.375,14-Aug,42961.00,17.51,0.348,sammy,,
0-0-BOD-9,BOD,zerozero,0,0,coastal,9,3-Jul,42919.00,6/30/17,42916.00,16-Jul,42932.00,13.00,m,,,9-Aug,42956.00,42956,,42.74,27.3,0.56,12-Aug,42959.00,17.96,0.319,sammy,,
0-0-BOD-10,BOD,zerozero,0,0,coastal,10,3-Jul,42919.00,6/30/17,42916.00,16-Jul,42932.00,13.00,m,,,9-Aug,42956.00,42956,,43.45,26.03,0.686,13-Aug,42960.00,18.07,0.379,sammy,,
0-0-BOD-11,BOD,zerozero,0,0,coastal,11,3-Jul,42919.00,6/30/17,42916.00,16-Jul,42932.00,13.00,a,4-Aug,42951,,,42951,a,,,,,,,,,,
0-0-BOD-12,BOD,zerozero,0,0,coastal,12,3-Jul,42919.00,6/30/17,42916.00,16-Jul,42932.00,13.00,a,4-Aug,42951,,,42951,a,,,,,,,,,,
0-0-BOD-13,BOD,zerozero,0,0,coastal,13,3-Jul,42919.00,6/30/17,42916.00,16-Jul,42932.00,13.00,a,4-Aug,42951,,,42951,a,,,,,,,,,,
0-0-BOD-14,BOD,zerozero,0,0,coastal,14,3-Jul,42919.00,6/30/17,42916.00,16-Jul,42932.00,13.00,md,12-Aug,42959,10-Aug,42957.00,42957,,43.56,29.95,0.542,,,,,,,
0-0-BOD-15,BOD,zerozero,0,0,coastal,15,3-Jul,42919.00,6/30/17,42916.00,16-Jul,42932.00,13.00,md,8-Aug,42955,6-Aug,42953.00,42953,,42.69,26.6,0.51,,,,,sammy,,
0-4-BOD-1,BOD,zerofour,0,4,coastal,1,3-Jul,42919.00,6/30/17,42916.00,16-Jul,42932.00,13.00,m,,,10-Aug,42957.00,42957,,47.25,32.79,0.569,13-Aug,42960.00,16.61,0.331,,,
0-4-BOD-2,BOD,zerofour,0,4,coastal,2,3-Jul,42919.00,6/30/17,42916.00,16-Jul,42932.00,13.00,m,,,9-Aug,42956.00,42956,,49.55,36.66,0.683,12-Aug,42959.00,18.43,0.399,sammy,,
0-4-BOD-3,BOD,zerofour,0,4,coastal,3,3-Jul,42919.00,6/30/17,42916.00,16-Jul,42932.00,13.00,m,,,8-Aug,42955.00,42955,,50.64,36.3,0.623,11-Aug,42958.00,18.15,0.346,sammy,,
0-4-BOD-4,BOD,zerofour,0,4,coastal,4,3-Jul,42919.00,6/30/17,42916.00,16-Jul,42932.00,13.00,m,,,7-Aug,42954.00,42954,,46.9,32.56,0.551,10-Aug,42957.00,17.69,0.328,sammy,,
0-4-BOD-5,BOD,zerofour,0,4,coastal,5,3-Jul,42919.00,6/30/17,42916.00,16-Jul,42932.00,13.00,m,,,8-Aug,42955.00,42955,,49.3,32.5,0.576,11-Aug,42958.00,17.86,0.375,sammy,,
0-4-BOD-6,BOD,zerofour,0,4,coastal,6,3-Jul,42919.00,6/30/17,42916.00,16-Jul,42932.00,13.00,md,9-Aug,42956,7-Aug,42954.00,42954,,48.99,35.46,0.612,,,,,sammy,,
0-4-BOD-7,BOD,zerofour,0,4,coastal,7,3-Jul,42919.00,6/30/17,42916.00,16-Jul,42932.00,13.00,m,,,9-Aug,42956.00,42956,,51.58,32.24,0.626,12-Aug,42959.00,18.17,0.382,sammy,,
0-4-BOD-8,BOD,zerofour,0,4,coastal,8,3-Jul,42919.00,6/30/17,42916.00,16-Jul,42932.00,13.00,m,,,10-Aug,42957.00,42957,,48.61,34.47,0.61,15-Aug,42962.00,17.74,0.339,,,
0-4-BOD-9,BOD,zerofour,0,4,coastal,9,3-Jul,42919.00,6/30/17,42916.00,16-Jul,42932.00,13.00,m,,,11-Aug,42958.00,42958,,51.75,35.84,0.654,14-Aug,42961.00,19.53,0.428,sammy,,
0-4-BOD-10,BOD,zerofour,0,4,coastal,10,3-Jul,42919.00,6/30/17,42916.00,16-Jul,42932.00,13.00,m,,,11-Aug,42958.00,42958,,49.21,34.6,0.724,15-Aug,42962.00,19.02,0.404,sammy,,
0-4-BOD-11,BOD,zerofour,0,4,coastal,11,3-Jul,42919.00,6/30/17,42916.00,16-Jul,42932.00,13.00,a,4-Aug,42951,,,42951,a,,,,,,,,,,
0-4-BOD-12,BOD,zerofour,0,4,coastal,12,3-Jul,42919.00,6/30/17,42916.00,16-Jul,42932.00,13.00,m,,,9-Aug,42956.00,42956,,51.03,36.15,0.658,12-Aug,42959.00,19.6,0.402,sammy,,
0-4-BOD-13,BOD,zerofour,0,4,coastal,13,3-Jul,42919.00,6/30/17,42916.00,16-Jul,42932.00,13.00,m,,,8-Aug,42955.00,42955,,49.55,33.54,0.648,11-Aug,42958.00,18.09,0.397,sammy,,
0-4-BOD-14,BOD,zerofour,0,4,coastal,14,3-Jul,42919.00,6/30/17,42916.00,16-Jul,42932.00,13.00,a,4-Aug,42951,,,42951,a,,,,,,,,,,
0-4-BOD-15,BOD,zerofour,0,4,coastal,15,3-Jul,42919.00,6/30/17,42916.00,16-Jul,42932.00,13.00,a,4-Aug,42951,,,42951,a,,,,,,,,,,
0-6-BOD-1,BOD,zerosix,0,6,coastal,1,3-Jul,42919.00,6/30/17,42916.00,16-Jul,42932.00,13.00,m,,,16-Aug,42963.00,42963,,49.8,33.24,0.603,20-Aug,42967.00,17.66,0.339,,,
0-6-BOD-2,BOD,zerosix,0,6,coastal,2,3-Jul,42919.00,6/30/17,42916.00,16-Jul,42932.00,13.00,m,,,12-Aug,42959.00,42959,,45.51,31.39,0.524,15-Aug,42962.00,16.71,0.308,,,
0-6-BOD-3,BOD,zerosix,0,6,coastal,3,3-Jul,42919.00,6/30/17,42916.00,16-Jul,42932.00,13.00,m,,,11-Aug,42958.00,42958,,47.81,34.38,0.596,14-Aug,42961.00,17.11,0.368,sammy,,
0-6-BOD-4,BOD,zerosix,0,6,coastal,4,3-Jul,42919.00,6/30/17,42916.00,16-Jul,42932.00,13.00,m,,,12-Aug,42959.00,42959,,45.68,29.32,0.518,15-Aug,42962.00,18.28,0.352,,,
0-6-BOD-5,BOD,zerosix,0,6,coastal,5,3-Jul,42919.00,6/30/17,42916.00,16-Jul,42932.00,13.00,m,,,11-Aug,42958.00,42958,,46.6,32.7,0.678,15-Aug,42962.00,17.77,0.351,,,
0-8-BOD-1,BOD,zeroeight,0,8,coastal,1,3-Jul,42919.00,6/30/17,42916.00,16-Jul,42932.00,13.00,d,12-Aug,42959,,,42959,,,,,,,,,,,
0-8-BOD-2,BOD,zeroeight,0,8,coastal,2,3-Jul,42919.00,6/30/17,42916.00,16-Jul,42932.00,13.00,md,25-Aug,42972,24-Aug,42971.00,42971,n,40.73,25.9,0.653,,,,,,,
0-8-BOD-3,BOD,zeroeight,0,8,coastal,3,3-Jul,42919.00,6/30/17,42916.00,16-Jul,42932.00,13.00,d,25-Aug,42972,,,42972,n,,,,,,,,,kinked tail,
0-8-BOD-4,BOD,zeroeight,0,8,coastal,4,3-Jul,42919.00,6/30/17,42916.00,16-Jul,42932.00,13.00,d,22-Jul,42938,,,42938,n,,,,,,,,,,
0-8-BOD-5,BOD,zeroeight,0,8,coastal,5,3-Jul,42919.00,6/30/17,42916.00,16-Jul,42932.00,13.00,d,9-Aug,42956,,,42956,u,,,,,,,,,,
4-0-BOD-1,BOD,fourzero,4,0,coastal,1,3-Jul,42919.00,6/30/17,42916.00,16-Jul,42932.00,13.00,m,,,17-Aug,42964.00,42964,,47.54,32.61,0.713,20-Aug,42967.00,18.6,0.441,,,
4-0-BOD-2,BOD,fourzero,4,0,coastal,2,3-Jul,42919.00,6/30/17,42916.00,16-Jul,42932.00,13.00,m,,,15-Aug,42962.00,42962,,44.95,28.07,0.687,18-Aug,42965.00,19.03,0.403,,,
4-0-BOD-3,BOD,fourzero,4,0,coastal,3,3-Jul,42919.00,6/30/17,42916.00,16-Jul,42932.00,13.00,m,,,14-Aug,42961.00,42961,,45.4,26.55,0.58,17-Aug,42964.00,18.19,0.341,,,
4-0-BOD-4,BOD,fourzero,4,0,coastal,4,3-Jul,42919.00,6/30/17,42916.00,16-Jul,42932.00,13.00,d,30-Jul,42946,,,42946,n,,,,,,,,,,
4-0-BOD-5,BOD,fourzero,4,0,coastal,5,3-Jul,42919.00,6/30/17,42916.00,16-Jul,42932.00,13.00,m,,,14-Aug,42961.00,42961,,44.58,26.84,0.536,16-Aug,42963.00,18.51,0.366,,,
4-0-BOD-6,BOD,fourzero,4,0,coastal,6,3-Jul,42919.00,6/30/17,42916.00,16-Jul,42932.00,13.00,m,,,16-Aug,42963.00,42963,,44.21,26.77,0.707,19-Aug,42966.00,18.58,0.447,,,
4-0-BOD-7,BOD,fourzero,4,0,coastal,7,3-Jul,42919.00,6/30/17,42916.00,16-Jul,42932.00,13.00,d,9-Aug,42956,,,42956,u,,,,,,,,,,
4-0-BOD-8,BOD,fourzero,4,0,coastal,8,3-Jul,42919.00,6/30/17,42916.00,16-Jul,42932.00,13.00,m,,,13-Aug,42960.00,42960,,43.87,26.5,0.639,16-Aug,42963.00,17.41,0.358,,,
4-0-BOD-9,BOD,fourzero,4,0,coastal,9,3-Jul,42919.00,6/30/17,42916.00,16-Jul,42932.00,13.00,md,18-Aug,42965,15-Aug,42962.00,42962,,46.57,30.86,0.667,,,,,,,
4-0-BOD-10,BOD,fourzero,4,0,coastal,10,3-Jul,42919.00,6/30/17,42916.00,16-Jul,42932.00,13.00,m,,,12-Aug,42959.00,42959,,44.3,28.03,0.601,15-Aug,42962.00,16.98,0.345,,,
4-0-BOD-11,BOD,fourzero,4,0,coastal,11,3-Jul,42919.00,6/30/17,42916.00,16-Jul,42932.00,13.00,a,4-Aug,42951,,,42951,a,,,,,,,,,,
4-0-BOD-12,BOD,fourzero,4,0,coastal,12,3-Jul,42919.00,6/30/17,42916.00,16-Jul,42932.00,13.00,a,4-Aug,42951,,,42951,a,,,,,,,,,,
4-0-BOD-13,BOD,fourzero,4,0,coastal,13,3-Jul,42919.00,6/30/17,42916.00,16-Jul,42932.00,13.00,d,30-Jul,42946,,,42946,n,,,,,,,,,,
4-0-BOD-14,BOD,fourzero,4,0,coastal,14,3-Jul,42919.00,6/30/17,42916.00,16-Jul,42932.00,13.00,a,4-Aug,42951,,,42951,a,,,,,,,,,,
4-0-BOD-15,BOD,fourzero,4,0,coastal,15,3-Jul,42919.00,6/30/17,42916.00,16-Jul,42932.00,13.00,m,,,13-Aug,42960.00,42960,,44.02,29.51,0.649,16-Aug,42963.00,18.15,0.36,,,
4-4-BOD-1,BOD,fourfour,4,4,coastal,1,3-Jul,42919.00,6/30/17,42916.00,16-Jul,42932.00,13.00,m,,,20-Aug,42967.00,42967,,53.45,36.45,0.72,24-Aug,42971.00,19.55,0.424,,,
4-4-BOD-2,BOD,fourfour,4,4,coastal,2,3-Jul,42919.00,6/30/17,42916.00,16-Jul,42932.00,13.00,m,,,16-Aug,42963.00,42963,,47.95,30.74,0.596,19-Aug,42966.00,16.65,0.338,,,
4-4-BOD-3,BOD,fourfour,4,4,coastal,3,3-Jul,42919.00,6/30/17,42916.00,16-Jul,42932.00,13.00,m,,,16-Aug,42963.00,42963,,45.84,30.47,0.555,19-Aug,42966.00,16.36,0.336,,,
4-4-BOD-4,BOD,fourfour,4,4,coastal,4,3-Jul,42919.00,6/30/17,42916.00,16-Jul,42932.00,13.00,m,,,14-Aug,42961.00,42961,,49.51,31.99,0.743,17-Aug,42964.00,18.04,0.416,,,
4-4-BOD-5,BOD,fourfour,4,4,coastal,5,3-Jul,42919.00,6/30/17,42916.00,16-Jul,42932.00,13.00,m,,,17-Aug,42964.00,42964,,44.71,28.09,0.524,20-Aug,42967.00,16.72,0.296,,,
4-4-BOD-6,BOD,fourfour,4,4,coastal,6,3-Jul,42919.00,6/30/17,42916.00,16-Jul,42932.00,13.00,m,,,16-Aug,42963.00,42963,,46.68,31.11,0.657,19-Aug,42966.00,18.25,0.404,,,
4-4-BOD-7,BOD,fourfour,4,4,coastal,7,3-Jul,42919.00,6/30/17,42916.00,16-Jul,42932.00,13.00,m,,,14-Aug,42961.00,42961,,49.87,35.51,0.63,18-Aug,42965.00,18.64,0.407,,,
4-4-BOD-8,BOD,fourfour,4,4,coastal,8,3-Jul,42919.00,6/30/17,42916.00,16-Jul,42932.00,13.00,m,,,15-Aug,42962.00,42962,,45.45,29.81,0.606,18-Aug,42965.00,17.85,0.344,,,
4-4-BOD-9,BOD,fourfour,4,4,coastal,9,3-Jul,42919.00,6/30/17,42916.00,16-Jul,42932.00,13.00,m,,,18-Aug,42965.00,42965,,49.66,31.99,0.732,21-Aug,42968.00,19.22,0.445,,,
4-4-BOD-10,BOD,fourfour,4,4,coastal,10,3-Jul,42919.00,6/30/17,42916.00,16-Jul,42932.00,13.00,m,,,15-Aug,42962.00,42962,,50.02,32.57,0.608,18-Aug,42965.00,18.53,0.362,,,
4-4-BOD-11,BOD,fourfour,4,4,coastal,11,3-Jul,42919.00,6/30/17,42916.00,16-Jul,42932.00,13.00,a,4-Aug,42951,,,42951,a,,,,,,,,,,
4-4-BOD-12,BOD,fourfour,4,4,coastal,12,3-Jul,42919.00,6/30/17,42916.00,16-Jul,42932.00,13.00,a,4-Aug,42951,,,42951,a,,,,,,,,,,
4-4-BOD-13,BOD,fourfour,4,4,coastal,13,3-Jul,42919.00,6/30/17,42916.00,16-Jul,42932.00,13.00,d,17-Jul,42933,,,42933,n,,,,,,,,,,
4-4-BOD-14,BOD,fourfour,4,4,coastal,14,3-Jul,42919.00,6/30/17,42916.00,16-Jul,42932.00,13.00,m,,,13-Aug,42960.00,42960,,50.6,32.95,0.692,16-Aug,42963.00,19.03,0.404,,,
4-4-BOD-15,BOD,fourfour,4,4,coastal,15,3-Jul,42919.00,6/30/17,42916.00,16-Jul,42932.00,13.00,a,4-Aug,42951,,,42951,a,,,,,,,,,,
4-6-BOD-1,BOD,foursix,4,6,coastal,1,3-Jul,42919.00,6/30/17,42916.00,16-Jul,42932.00,13.00,d,20-Jul,42936,,,42936,n,,,,,,,,,,
4-6-BOD-2,BOD,foursix,4,6,coastal,2,3-Jul,42919.00,6/30/17,42916.00,16-Jul,42932.00,13.00,m,,,27-Aug,42974.00,42974,,47.84,32.23,0.626,31-Aug,42978.00,15.98,0.391,,,
4-6-BOD-3,BOD,foursix,4,6,coastal,3,3-Jul,42919.00,6/30/17,42916.00,16-Jul,42932.00,13.00,m,,,26-Aug,42973.00,42973,,43.45,31.22,0.573,30-Aug,42977.00,15.06,0.336,,,
4-6-BOD-4,BOD,foursix,4,6,coastal,4,3-Jul,42919.00,6/30/17,42916.00,16-Jul,42932.00,13.00,m,,,28-Aug,42975.00,42975,,52.45,35.28,0.845,2-Sep,42980.00,18.01,0.463,,,
4-6-BOD-5,BOD,foursix,4,6,coastal,5,3-Jul,42919.00,6/30/17,42916.00,16-Jul,42932.00,13.00,m,,,23-Aug,42970.00,42970,,44.36,30.7,0.68,27-Aug,42974.00,15.05,0.353,,deformed kinked tail,
4-8-BOD-1,BOD,foureight,4,8,coastal,1,3-Jul,42919.00,6/30/17,42916.00,16-Jul,42932.00,13.00,d,5-Aug,42952,,,42952,u,,,,,,,,,,
4-8-BOD-2,BOD,foureight,4,8,coastal,2,3-Jul,42919.00,6/30/17,42916.00,16-Jul,42932.00,13.00,d,7-Aug,42954,,,42954,u,,,,,,,,,,
4-8-BOD-3,BOD,foureight,4,8,coastal,3,3-Jul,42919.00,6/30/17,42916.00,16-Jul,42932.00,13.00,d,5-Aug,42952,,,42952,u,,,,,,,,,,
4-8-BOD-4,BOD,foureight,4,8,coastal,4,3-Jul,42919.00,6/30/17,42916.00,16-Jul,42932.00,13.00,d,27-Jul,42943,,,42943,n,,,,,,,,,,
4-8-BOD-5,BOD,foureight,4,8,coastal,5,3-Jul,42919.00,6/30/17,42916.00,16-Jul,42932.00,13.00,d,25-Jul,42941,,,42941,n,,,,,,,,,,
0-0-LH-1,LH,zerozero,0,0,coastal,1,3-Jul,42919.00,6/30/17,42916.00,16-Jul,42932.00,13.00,m,,,9-Aug,42956.00,42956,,48.5,32.19,0.661,12-Aug,42959.00,17.55,0.396,sammy,,
0-0-LH-2,LH,zerozero,0,0,coastal,2,3-Jul,42919.00,6/30/17,42916.00,16-Jul,42932.00,13.00,m,,,6-Aug,42953.00,42953,,49.38,33.28,0.69,9-Aug,42956.00,17.69,0.413,sammy,,
0-0-LH-3,LH,zerozero,0,0,coastal,3,3-Jul,42919.00,6/30/17,42916.00,16-Jul,42932.00,13.00,m,,,10-Aug,42957.00,42957,,43.36,28.82,0.705,13-Aug,42960.00,18.22,0.419,sammy,,
0-0-LH-4,LH,zerozero,0,0,coastal,4,3-Jul,42919.00,6/30/17,42916.00,16-Jul,42932.00,13.00,m,,,9-Aug,42956.00,42956,,44.61,26.51,0.597,13-Aug,42960.00,17.82,0.371,sammy,deformed leg,
0-0-LH-5,LH,zerozero,0,0,coastal,5,3-Jul,42919.00,6/30/17,42916.00,16-Jul,42932.00,13.00,m,,,10-Aug,42957.00,42957,,49.7,34.46,0.783,13-Aug,42960.00,19.42,0.489,sammy,,
0-0-LH-6,LH,zerozero,0,0,coastal,6,3-Jul,42919.00,6/30/17,42916.00,16-Jul,42932.00,13.00,m,,,10-Aug,42957.00,42957,,44.4,30.27,0.636,13-Aug,42960.00,17.67,0.391,,,
0-0-LH-7,LH,zerozero,0,0,coastal,7,3-Jul,42919.00,6/30/17,42916.00,16-Jul,42932.00,13.00,m,,,11-Aug,42958.00,42958,,46.61,31.25,0.65,14-Aug,42961.00,17.07,0.406,sammy,,
0-0-LH-8,LH,zerozero,0,0,coastal,8,3-Jul,42919.00,6/30/17,42916.00,16-Jul,42932.00,13.00,m,,,9-Aug,42956.00,42956,,47.6,30.87,0.841,12-Aug,42959.00,19.57,0.439,sammy,,
0-0-LH-9,LH,zerozero,0,0,coastal,9,3-Jul,42919.00,6/30/17,42916.00,16-Jul,42932.00,13.00,m,,,10-Aug,42957.00,42957,,45.18,32.79,0.749,13-Aug,42960.00,18.85,0.451,sammy,slightly deformed leg,
0-0-LH-10,LH,zerozero,0,0,coastal,10,3-Jul,42919.00,6/30/17,42916.00,16-Jul,42932.00,13.00,m,,,10-Aug,42957.00,42957,,47.73,34.33,0.695,13-Aug,42960.00,18.88,0.415,sammy,deformed leg,
0-0-LH-11,LH,zerozero,0,0,coastal,11,3-Jul,42919.00,6/30/17,42916.00,16-Jul,42932.00,13.00,a,4-Aug,42951,,,42951,a,,,,,,,,,,
0-0-LH-12,LH,zerozero,0,0,coastal,12,3-Jul,42919.00,6/30/17,42916.00,16-Jul,42932.00,13.00,a,4-Aug,42951,,,42951,a,,,,,,,,,,
0-0-LH-13,LH,zerozero,0,0,coastal,13,3-Jul,42919.00,6/30/17,42916.00,16-Jul,42932.00,13.00,m,,,10-Aug,42957.00,42957,,43.31,31.22,0.717,13-Aug,42960.00,18.79,0.432,,deformed leg,
0-0-LH-14,LH,zerozero,0,0,coastal,14,3-Jul,42919.00,6/30/17,42916.00,16-Jul,42932.00,13.00,a,4-Aug,42951,,,42951,a,,,,,,,,,,
0-0-LH-15,LH,zerozero,0,0,coastal,15,3-Jul,42919.00,6/30/17,42916.00,16-Jul,42932.00,13.00,m,,,12-Aug,42959.00,42959,,50.35,32.15,0.765,15-Aug,42962.00,17.73,0.456,,,
0-4-LH-1,LH,zerofour,0,4,coastal,1,3-Jul,42919.00,6/30/17,42916.00,16-Jul,42932.00,13.00,m,,,10-Aug,42957.00,42957,,47.96,33.36,0.703,13-Aug,42960.00,18.56,0.424,sammy,slightly deformed leg,
0-4-LH-2,LH,zerofour,0,4,coastal,2,3-Jul,42919.00,6/30/17,42916.00,16-Jul,42932.00,13.00,m,,,9-Aug,42956.00,42956,,47,33.42,0.617,13-Aug,42960.00,17.34,0.373,sammy,deformed leg,
0-4-LH-3,LH,zerofour,0,4,coastal,3,3-Jul,42919.00,6/30/17,42916.00,16-Jul,42932.00,13.00,m,,,10-Aug,42957.00,42957,,50.79,37.14,0.7,13-Aug,42960.00,18.57,0.419,sammy,,
0-4-LH-4,LH,zerofour,0,4,coastal,4,3-Jul,42919.00,6/30/17,42916.00,16-Jul,42932.00,13.00,m,,,10-Aug,42957.00,42957,,46.61,31.02,0.624,10-Aug,42957.00,18.33,0.458,sammy,,
0-4-LH-5,LH,zerofour,0,4,coastal,5,3-Jul,42919.00,6/30/17,42916.00,16-Jul,42932.00,13.00,m,,,9-Aug,42956.00,42956,,48.49,34.4,0.659,12-Aug,42959.00,19.03,0.433,sammy,,
0-4-LH-6,LH,zerofour,0,4,coastal,6,3-Jul,42919.00,6/30/17,42916.00,16-Jul,42932.00,13.00,m,,,9-Aug,42956.00,42956,,51.2,36.35,0.685,12-Aug,42959.00,18.24,0.385,sammy,,
0-4-LH-7,LH,zerofour,0,4,coastal,7,3-Jul,42919.00,6/30/17,42916.00,16-Jul,42932.00,13.00,m,,,9-Aug,42956.00,42956,,52.93,38.62,0.843,12-Aug,42959.00,20.04,0.481,sammy,,
0-4-LH-8,LH,zerofour,0,4,coastal,8,3-Jul,42919.00,6/30/17,42916.00,16-Jul,42932.00,13.00,m,,,10-Aug,42957.00,42957,,50.61,37.11,0.65,13-Aug,42960.00,18.08,0.385,sammy,,
0-4-LH-9,LH,zerofour,0,4,coastal,9,3-Jul,42919.00,6/30/17,42916.00,16-Jul,42932.00,13.00,md,14-Aug,42961,11-Aug,42958.00,42958,,47.74,34.89,0.595,,,,,sammy,,
0-4-LH-10,LH,zerofour,0,4,coastal,10,3-Jul,42919.00,6/30/17,42916.00,16-Jul,42932.00,13.00,m,,,10-Aug,42957.00,42957,,45.62,30,0.697,13-Aug,42960.00,18.36,0.417,sammy,,
0-4-LH-11,LH,zerofour,0,4,coastal,11,3-Jul,42919.00,6/30/17,42916.00,16-Jul,42932.00,13.00,m,,,9-Aug,42956.00,42956,,43.62,30.39,0.539,12-Aug,42959.00,17.35,0.352,sammy,,
0-4-LH-12,LH,zerofour,0,4,coastal,12,3-Jul,42919.00,6/30/17,42916.00,16-Jul,42932.00,13.00,a,4-Aug,42951,,,42951,a,,,,,,,,,,
0-4-LH-13,LH,zerofour,0,4,coastal,13,3-Jul,42919.00,6/30/17,42916.00,16-Jul,42932.00,13.00,a,4-Aug,42951,,,42951,a,,,,,,,,,,
0-4-LH-14,LH,zerofour,0,4,coastal,14,3-Jul,42919.00,6/30/17,42916.00,16-Jul,42932.00,13.00,m,,,11-Aug,42958.00,42958,,47.33,34.86,0.682,14-Aug,42961.00,19.2,0.411,,deformed leg,
0-4-LH-15,LH,zerofour,0,4,coastal,15,3-Jul,42919.00,6/30/17,42916.00,16-Jul,42932.00,13.00,a,4-Aug,42951,,,42951,a,,,,,,,,,,
0-6-LH-1,LH,zerosix,0,6,coastal,1,3-Jul,42919.00,6/30/17,42916.00,16-Jul,42932.00,13.00,m,,,10-Aug,42957.00,42957,,45.53,31.29,0.576,13-Aug,42960.00,17.47,0.344,sammy,,
0-6-LH-2,LH,zerosix,0,6,coastal,2,3-Jul,42919.00,6/30/17,42916.00,16-Jul,42932.00,13.00,md,15-Aug,42962,12-Aug,42959.00,42959,,51.89,34.93,0.776,,,,,,,
0-6-LH-3,LH,zerosix,0,6,coastal,3,3-Jul,42919.00,6/30/17,42916.00,16-Jul,42932.00,13.00,m,,,13-Aug,42960.00,42960,,50.59,33.47,0.757,16-Aug,42963.00,18.41,0.421,,,
0-6-LH-4,LH,zerosix,0,6,coastal,4,3-Jul,42919.00,6/30/17,42916.00,16-Jul,42932.00,13.00,m,,,13-Aug,42960.00,42960,,48.47,32.66,0.674,16-Aug,42963.00,16.87,0.37,,,
0-6-LH-5,LH,zerosix,0,6,coastal,5,3-Jul,42919.00,6/30/17,42916.00,16-Jul,42932.00,13.00,md,15-Aug,42962,12-Aug,42959.00,42959,,49.7,33.36,0.746,,,,,,,
0-8-LH-1,LH,zeroeight,0,8,coastal,1,3-Jul,42919.00,6/30/17,42916.00,16-Jul,42932.00,13.00,d,5-Aug,42952,,,42952,n,,,,,,,,,,
0-8-LH-2,LH,zeroeight,0,8,coastal,2,3-Jul,42919.00,6/30/17,42916.00,16-Jul,42932.00,13.00,d,8-Aug,42955,,,42955,n,,,,,,,,,,
0-8-LH-3,LH,zeroeight,0,8,coastal,3,3-Jul,42919.00,6/30/17,42916.00,16-Jul,42932.00,13.00,d,10-Sep,42988,,,42988,,,,,,,,,,,
0-8-LH-4,LH,zeroeight,0,8,coastal,4,3-Jul,42919.00,6/30/17,42916.00,16-Jul,42932.00,13.00,d,15-Sep,42993,,,42993,,,,,,,,,,,
0-8-LH-5,LH,zeroeight,0,8,coastal,5,3-Jul,42919.00,6/30/17,42916.00,16-Jul,42932.00,13.00,md,3-Sep,42981,1-Sep,42979.00,42979,u,40.74,25.42,0.718,,,,,,not sure why he died,
4-0-LH-1,LH,fourzero,4,0,coastal,1,3-Jul,42919.00,6/30/17,42916.00,16-Jul,42932.00,13.00,m,,,10-Aug,42957.00,42957,,46.31,31.55,0.664,13-Aug,42960.00,18.17,0.399,sammy,,
4-0-LH-2,LH,fourzero,4,0,coastal,2,3-Jul,42919.00,6/30/17,42916.00,16-Jul,42932.00,13.00,m,,,10-Aug,42957.00,42957,,47.71,33.01,0.742,13-Aug,42960.00,18.57,0.426,sammy,,
4-0-LH-3,LH,fourzero,4,0,coastal,3,3-Jul,42919.00,6/30/17,42916.00,16-Jul,42932.00,13.00,m,,,11-Aug,42958.00,42958,,43.19,28.34,0.607,14-Aug,42961.00,17.71,0.353,,,
4-0-LH-4,LH,fourzero,4,0,coastal,4,3-Jul,42919.00,6/30/17,42916.00,16-Jul,42932.00,13.00,m,,,7-Aug,42954.00,42954,,51.68,33.72,0.761,12-Aug,42959.00,17.96,0.39,sammy,,
4-0-LH-5,LH,fourzero,4,0,coastal,5,3-Jul,42919.00,6/30/17,42916.00,16-Jul,42932.00,13.00,m,,,11-Aug,42958.00,42958,,41.52,29.79,0.678,14-Aug,42961.00,16.76,0.373,sammy,,
4-0-LH-6,LH,fourzero,4,0,coastal,6,3-Jul,42919.00,6/30/17,42916.00,16-Jul,42932.00,13.00,m,,,11-Aug,42958.00,42958,,44.94,29.66,0.656,14-Aug,42961.00,18.02,0.377,sammy,,
4-0-LH-7,LH,fourzero,4,0,coastal,7,3-Jul,42919.00,6/30/17,42916.00,16-Jul,42932.00,13.00,m,,,10-Aug,42957.00,42957,,43.25,28.96,0.624,13-Aug,42960.00,17.56,0.398,sammy,,
4-0-LH-8,LH,fourzero,4,0,coastal,8,3-Jul,42919.00,6/30/17,42916.00,16-Jul,42932.00,13.00,m,,,10-Aug,42957.00,42957,,47.02,31.46,0.708,13-Aug,42960.00,19.43,0.427,sammy,,
4-0-LH-9,LH,fourzero,4,0,coastal,9,3-Jul,42919.00,6/30/17,42916.00,16-Jul,42932.00,13.00,m,,,12-Aug,42959.00,42959,,49.81,31.01,0.731,15-Aug,42962.00,18.57,0.447,,,
4-0-LH-10,LH,fourzero,4,0,coastal,10,3-Jul,42919.00,6/30/17,42916.00,16-Jul,42932.00,13.00,m,,,9-Aug,42956.00,42956,,49.25,31.99,0.688,12-Aug,42959.00,17.05,0.434,sammy,,
4-0-LH-11,LH,fourzero,4,0,coastal,11,3-Jul,42919.00,6/30/17,42916.00,16-Jul,42932.00,13.00,a,4-Aug,42951,,,42951,a,,,,,,,,,,
4-0-LH-12,LH,fourzero,4,0,coastal,12,3-Jul,42919.00,6/30/17,42916.00,16-Jul,42932.00,13.00,a,4-Aug,42951,,,42951,a,,,,,,,,,,
4-0-LH-13,LH,fourzero,4,0,coastal,13,3-Jul,42919.00,6/30/17,42916.00,16-Jul,42932.00,13.00,m,,,9-Aug,42956.00,42956,,49.25,31.99,0.688,12-Aug,42959.00,16.74,0.439,sammy,,
4-0-LH-14,LH,fourzero,4,0,coastal,14,3-Jul,42919.00,6/30/17,42916.00,16-Jul,42932.00,13.00,m,,,12-Aug,42959.00,42959,,44.24,26.18,0.647,14-Aug,42961.00,19,0.421,,,
4-0-LH-15,LH,fourzero,4,0,coastal,15,3-Jul,42919.00,6/30/17,42916.00,16-Jul,42932.00,13.00,a,4-Aug,42951,,,42951,a,,,,,,,,,,
4-4-LH-1,LH,fourfour,4,4,coastal,1,3-Jul,42919.00,6/30/17,42916.00,16-Jul,42932.00,13.00,m,,,10-Aug,42957.00,42957,,52.04,38,0.696,13-Aug,42960.00,17.61,0.411,sammy,,
4-4-LH-2,LH,fourfour,4,4,coastal,2,3-Jul,42919.00,6/30/17,42916.00,16-Jul,42932.00,13.00,m,,,10-Aug,42957.00,42957,,49.9,35.3,0.815,13-Aug,42960.00,19.57,0.512,,,
4-4-LH-3,LH,fourfour,4,4,coastal,3,3-Jul,42919.00,6/30/17,42916.00,16-Jul,42932.00,13.00,m,,,12-Aug,42959.00,42959,,49.79,32.08,0.684,15-Aug,42962.00,19.3,0.415,,,
4-4-LH-4,LH,fourfour,4,4,coastal,4,3-Jul,42919.00,6/30/17,42916.00,16-Jul,42932.00,13.00,m,,,9-Aug,42956.00,42956,,48.22,34.81,0.688,12-Aug,42959.00,17.56,0.395,sammy,,
4-4-LH-5,LH,fourfour,4,4,coastal,5,3-Jul,42919.00,6/30/17,42916.00,16-Jul,42932.00,13.00,m,,,11-Aug,42958.00,42958,,43.39,29.26,0.673,14-Aug,42961.00,18.76,0.422,,,
4-4-LH-6,LH,fourfour,4,4,coastal,6,3-Jul,42919.00,6/30/17,42916.00,16-Jul,42932.00,13.00,m,,,10-Aug,42957.00,42957,,49.25,35.03,0.611,13-Aug,42960.00,18.57,0.391,sammy,,
4-4-LH-7,LH,fourfour,4,4,coastal,7,3-Jul,42919.00,6/30/17,42916.00,16-Jul,42932.00,13.00,m,,,13-Aug,42960.00,42960,,49.26,32.65,0.6,16-Aug,42963.00,17.65,0.359,,,
4-4-LH-8,LH,fourfour,4,4,coastal,8,3-Jul,42919.00,6/30/17,42916.00,16-Jul,42932.00,13.00,m,,,11-Aug,42958.00,42958,,44.84,30.96,0.616,13-Aug,42960.00,17.26,0.39,sammy,,
4-4-LH-9,LH,fourfour,4,4,coastal,9,3-Jul,42919.00,6/30/17,42916.00,16-Jul,42932.00,13.00,m,,,10-Aug,42957.00,42957,,48.32,34.95,0.766,13-Aug,42960.00,18.6,0.469,sammy,,
4-4-LH-10,LH,fourfour,4,4,coastal,10,3-Jul,42919.00,6/30/17,42916.00,16-Jul,42932.00,13.00,m,,,15-Aug,42962.00,42962,,48.07,30.1,0.649,17-Aug,42964.00,18.63,0.424,,,
4-4-LH-11,LH,fourfour,4,4,coastal,11,3-Jul,42919.00,6/30/17,42916.00,16-Jul,42932.00,13.00,m,,,10-Aug,42957.00,42957,,46.58,31.45,0.625,13-Aug,42960.00,18.62,0.403,sammy,,
4-4-LH-12,LH,fourfour,4,4,coastal,12,3-Jul,42919.00,6/30/17,42916.00,16-Jul,42932.00,13.00,a,4-Aug,42951,,,42951,a,,,,,,,,,,
4-4-LH-13,LH,fourfour,4,4,coastal,13,3-Jul,42919.00,6/30/17,42916.00,16-Jul,42932.00,13.00,a,4-Aug,42951,,,42951,a,,,,,,,,,,
4-4-LH-14,LH,fourfour,4,4,coastal,14,3-Jul,42919.00,6/30/17,42916.00,16-Jul,42932.00,13.00,a,4-Aug,42951,,,42951,a,,,,,,,,,,
4-4-LH-15,LH,fourfour,4,4,coastal,15,3-Jul,42919.00,6/30/17,42916.00,16-Jul,42932.00,13.00,m,,,11-Aug,42958.00,42958,,48.24,34.33,0.673,14-Aug,42961.00,17.43,0.419,,,
4-6-LH-1,LH,foursix,4,6,coastal,1,3-Jul,42919.00,6/30/17,42916.00,16-Jul,42932.00,13.00,d,18-Jul,42934,,,42934,,,,,,,,,,,
4-6-LH-2,LH,foursix,4,6,coastal,2,3-Jul,42919.00,6/30/17,42916.00,16-Jul,42932.00,13.00,md,14-Aug,42961,12-Aug,42959.00,42959,,44.63,27.25,0.61,,,,,,,
4-6-LH-3,LH,foursix,4,6,coastal,3,3-Jul,42919.00,6/30/17,42916.00,16-Jul,42932.00,13.00,md,11-Aug,42958,10-Aug,42957.00,42957,,42.49,29.62,0.554,,,,,sammy,,
4-6-LH-4,LH,foursix,4,6,coastal,4,3-Jul,42919.00,6/30/17,42916.00,16-Jul,42932.00,13.00,m,,,9-Aug,42956.00,42956,,44.85,27.58,0.609,12-Aug,42959.00,17.29,0.379,sammy,,
4-6-LH-5,LH,foursix,4,6,coastal,5,3-Jul,42919.00,6/30/17,42916.00,16-Jul,42932.00,13.00,m,,,10-Aug,42957.00,42957,,43.63,29.64,0.619,13-Aug,42960.00,17.49,0.382,sammy,,
4-8-LH-1,LH,foureight,4,8,coastal,1,3-Jul,42919.00,6/30/17,42916.00,16-Jul,42932.00,13.00,d,2-Sep,42980,,,42980,n,,,,,,,,,,
4-8-LH-2,LH,foureight,4,8,coastal,2,3-Jul,42919.00,6/30/17,42916.00,16-Jul,42932.00,13.00,d,1-Sep,42979,,,42979,n,,,,,,,,,,
4-8-LH-3,LH,foureight,4,8,coastal,3,3-Jul,42919.00,6/30/17,42916.00,16-Jul,42932.00,13.00,d,19-Jul,42935,,,42935,n,,,,,,,,,,
4-8-LH-4,LH,foureight,4,8,coastal,4,3-Jul,42919.00,6/30/17,42916.00,16-Jul,42932.00,13.00,d,24-Jul,42940,,,42940,,,,,,,,,,,
4-8-LH-5,LH,foureight,4,8,coastal,5,3-Jul,42919.00,6/30/17,42916.00,16-Jul,42932.00,13.00,d,23-Jul,42939,,,42939,,,,,,,,,,,