location,population,egg,tad,ind,sample
inland,BL,0,0,3,0_0_BL_3_1_26__GGACTTGG-CGTCTGCG_L005
coastal,BOD,0,0,3,0_0_BOD1_3_3_5__ATGTAAGT-CATAGAGT_L005
coastal,LH,0,0,5,0_0_BOD2_5_1_26__CGGCGTGA-ACAGGCGC_L005
coastal,DQ,0,0,5,0_0_DQ_5_1_22__TAATACAG-GTGAATAT_L005
inland,LO,0,0,3,0_0_LO_3_1_22__CCGCGGTT-CTAGCGCT_L005
inland,PWL,0,0,3,0_0_PWL_3_3_5__AAGTCCAA-TACTCATA_L005
inland,WHF,0,0,1,0_0_WHF_1_1_26__TTATAACC-TCGATATC_L005
inland,BL,0,6,4,0_6_BL_4_2_26__ATCCACTG-ACGCACCT_L005
coastal,BOD,0,6,3,0_6_BOD1_3_2_26__GCACGGAC-TGCGAGAC_L005
coastal,LH,0,6,2,0_6_BOD2_2_2_26__GCAGAATT-TGGCCGGT_L005
coastal,CSI,0,6,2,0_6_CSI_2_2_26__AACGTTCC-AGTACTCC_L005
coastal,DQ,0,6,2,0_6_DQ_2_2_26__GGTACCTT-GACGTCTT_L005
inland,LO,0,6,2,0_6_LO_2_2_26__TGGATCGA-TATCGCAC_L005
inland,PWL,0,6,3,0_6_PWL_3_2_26__GCTTGTCA-GTATGTTC_L005
inland,WHF,0,6,2,0_6_WHF_2_2_26__CAAGCTAG-CGCTATGT_L005
inland,BL,4,4,6,4_4_BL_6_1_31__TCTCTACT-GAACCGCG_L005
coastal,BOD,4,4,5,4_4_BOD1_5_1_22__ACTAAGAT-CCGCGGTT_L005
coastal,LH,4,4,6,4_4_BOD2_6_1_26__CTTGGTAT-GGACTTGG_L005
coastal,CSI,4,4,2,4_4_CSI_2_1_31__GTCGGAGC-TTATAACC_L005
coastal,DQ,4,4,6,4_4_DQ_6_1_22__ATGAGGCC-CAATTAAC_L005
inland,LO,4,4,2,4_4_LO_2_1_22__AGTTCAGG-TCTGTTGG_L005
inland,PWL,4,4,6,4_4_PWL_6_3_5__CTCTCGTC-AGGTTATA_L005
inland,WHF,4,4,2,4_4_WHF_2_1_26__GACCTGAA-CTCACCAA_L005
inland,BL,4,6,2,4_6_BL_4_2_26__CCAAGTCT-TCATCCTT_L005
coastal,BOD,4,6,3,4_6_BOD1_3_2_26__TCCAACGC-AAGTCCAA_L005
coastal,LH,4,6,2,4_6_BOD2_2_26__GGCATTCT-CAAGCTAG_L005
coastal,CSI,4,6,1,4_6_CSI_1_2_26__TTACAGGA-GCTTGTCA_L005
coastal,DQ,4,6,2,4_6_DQ_2_2_26__CCGTGAAG-ATCCACTG_L005
inland,LO,4,6,2,4_6_LO_2_2_26__GGCTTAAG-GGTCACGA_L005
inland,PWL,4,6,2,4_6_PWL_2_3_5__AATCCGGA-AACTGTAG_L005
inland,WHF,4,6,3,4_6_WHF_3_2_26__TTGGACTC-CTGCTTCC_L005